chulseok,grade,difficulty,load,achievement,proff,className,sem,classtype
5,3.6,2.6,3.2,3.6,추진아 교수님,건강과식이(영강),2017-2학기,전공선택
5,3.3,3.6,2.4,3.7,전진영 교수님,간호진단 11:00-11:50,2017-2학기,전공선택
5,3.8,4.4,5,4.4,설근희 교수님,기초간호과학I,2017-2학기,전공선택
4.8,3.2,4.2,5,3.7,"설근희,강푸름 교수님",기초간호과학IV,2017-2학기,전공선택
5,4.5,2.3,1.8,2.3,"설근희,강푸름 교수님",기초간호과학실습I,2017-2학기,전공선택
5,4.5,2.5,2.3,3.5,전진영 교수님,생명윤리,2017-2학기,전공선택
4.4,3.1,3.1,4.1,3.7,장성옥 교수님,기본간호학II,2017-2학기,전공선택
5,5,3,5,5,장성옥 교수님,기본간호학실습II,2017-2학기,전공선택
4.5,2.8,3,3.8,3.3,박원희 교수님,기본간호학실습II,2017-2학기,전공선택
5,5,3,4,3,박원희 교수님,기본간호학실습II 14:30-15:45,2017-2학기,전공선택
5,3.5,4.7,4.9,4,"신나미,박수경 교수님",성인간호학I 10:45-12:00/12:15-13:30,2017-2학기,전공필수
4,3.7,4.3,4,3.7,"신나미,박수경홍세진 교수님",성인간호학IV,2017-2학기,전공선택
5,4,3,2.5,4.5,홍세진 교수님,성인간호학V 13:50-15:20,2017-2학기,전공선택
5,4.6,3.8,3.4,3.8,박수경 교수님,성인간호학실습I,2017-2학기,전공선택
3,3,3,3,3,전진영 교수님,성인간호학실습IV,2017-2학기,전공선택
4.4,4.1,3.4,3.1,4,전진영 교수님,성인간호학실습V,2017-2학기,전공선택
5,3.8,4.3,5,4,오원옥 교수님,아동간호학II 수요일 9:00-11:00,2017-2학기,전공선택
4.7,4,3.7,3.8,4.7,신현정 교수님,모성간호학II 수요일 15:30-17:30,2017-2학기,전공선택
5,3,1,5,1,송준아 교수님,노인간호학실습,2017-2학기,전공선택
4.5,2.5,3,3,2.5,설근희 교수님,간호학통합실습,2017-2학기,전공선택
3,2.7,3.3,3.7,2.7,유호신 교수님,보건의료관계법규,2017-2학기,전공선택
5,2.7,4.2,4.3,2,"한금선,정미란박미연 교수님",정신간호학I 목요일 9:00-11:00,2017-2학기,전공필수
4.7,4,4,4.7,3.7,한금선 교수님,정신간호학실습I,2017-2학기,전공선택
5,4,3,2,4,유호신 교수님,지역사회간호학실습II,2017-2학기,전공선택
4.8,3.8,3.5,2.3,3.8,김도윤 교수님,Topic Course 전략적기술사업화 (Technology Entrepreneurship and Commercialization)타학과생 신청가능,2017-2학기,전공선택
4.8,3.3,3.5,4.2,3.5,Inna Drobouchevitch 교수님,경영수학(영강),2017-2학기,전공선택
3.3,3.5,2.6,2.7,2.4,김정혁 교수님,경영수학(영강),2017-2학기,전공선택
5,4.3,2,1.7,3,이두희 교수님,마케팅원론 타학과생 신청가능,2017-2학기,전공필수
4.7,3.8,2.7,3.2,3.8,박찬수 교수님,마케팅원론,2017-2학기,전공필수
2.2,3.7,2.3,2.2,3.6,김상용 교수님,마케팅원론,2017-2학기,전공필수
3.1,3.4,3.6,4.2,4.3,류강석 교수님,마케팅원론,2017-2학기,전공필수
4.9,3.9,3,3.2,4.1,유원상 교수님,마케팅원론(영강),2017-2학기,전공필수
4.8,4.1,2.8,3.4,3.1,Fang-Chi Lu 교수님,마케팅원론(영강),2017-2학기,전공필수
4.8,4,2.7,3.4,2.5,이은영 교수님,마케팅원론(영강),2017-2학기,전공필수
4.8,4.4,2.1,2.5,3.5,윤세정 교수님,마케팅원론(영강),2017-2학기,전공필수
4.4,3.7,3.2,3.9,3.4,윤성아 교수님,마케팅원론(영강),2017-2학기,전공필수
1.5,3.1,3.7,3.5,3.7,박경서 교수님,재무관리(영강),2017-2학기,전공필수
1.2,3.5,3.8,3.8,4.1,김우찬 교수님,재무관리(영강),2017-2학기,전공필수
1.3,3.9,3.2,3.2,4.4,황준호 교수님,재무관리(영강),2017-2학기,전공필수
4.9,3.5,3.2,3.2,3.8,나현승 교수님,재무관리(영강),2017-2학기,전공필수
1.3,3.9,3.6,3.5,3.5,정지웅 교수님,재무관리(영강),2017-2학기,전공필수
3.7,3.5,4.2,4,4.2,임찬우 교수님,재무관리,2017-2학기,전공필수
1.7,3.9,3.1,3.2,3.7,강상구 교수님,재무관리 타학과생 신청가능,2017-2학기,전공필수
1.3,4.6,3.4,2.8,3.7,정재웅 교수님,재무관리,2017-2학기,전공필수
4.9,4.3,2.4,2.3,2.7,류두원 교수님,재무관리(영강) 타학과생 신청가능,2017-2학기,전공필수
4.7,4.2,3.9,4.2,4.4,김대기 교수님,오퍼레이션스관리,2017-2학기,전공필수
4.3,3.7,3.9,3.8,3.2,김대수 교수님,오퍼레이션스관리(영강),2017-2학기,전공필수
4.7,3.4,3.4,3.6,3.8,김병조 교수님,오퍼레이션스관리(영강),2017-2학기,전공필수
4,4.2,2.9,2.9,2.8,임호순 교수님,오퍼레이션스관리(영강),2017-2학기,전공필수
4.6,3.9,3.1,3.3,3,임희주 교수님,오퍼레이션스관리(영강),2017-2학기,전공필수
4.6,4.2,2.6,2.3,3.2,정의범 교수님,오퍼레이션스관리(영강),2017-2학기,전공필수
4.7,3.3,4.2,4.3,4.3,윤성수 교수님,중급회계I(영강),2017-2학기,전공필수
2.5,3.6,3.2,2.9,4.3,최우석 교수님,중급회계I(영강),2017-2학기,전공필수
4.8,4.2,3.3,3.6,3.9,두서영 교수님,중급회계I(영강),2017-2학기,전공필수
3.5,3.8,2.5,3,3.5,추재연 교수님,중급회계I(영강),2017-2학기,전공필수
4.7,4.1,3.3,3.6,4,박수연 교수님,"중급회계I ""이건 교수의 사정으로 박수연 강사로 교체됨""",2017-2학기,전공필수
5,3.9,2.6,2.8,3.9,유소진 교수님,중급회계I(영강),2017-2학기,전공필수
1.3,4.4,3.1,2.7,3.4,이한상 교수님,중급회계II(영강),2017-2학기,전공선택
1.8,2.4,3.6,2.9,3.8,한재민 교수님,경영정보시스템,2017-2학기,전공필수
3.1,3.2,2.7,2.7,2.4,정호원 교수님,경영정보시스템,2017-2학기,전공필수
2.4,3.4,3.7,4.4,2.4,서용무 교수님,경영정보시스템,2017-2학기,전공필수
2,4,2.6,3.4,2.4,홍세준 교수님,경영정보시스템(영강),2017-2학기,전공필수
4.8,3.1,2.4,2.4,2.6,Anat Zeelim-Hovav 교수님,경영정보시스템(영강) 유연학기제 시행 예정임_Flexible Semester(9/5~10/26),2017-2학기,전공필수
4.7,3.9,3.2,3.2,2.6,이동원 교수님,경영정보시스템(영강),2017-2학기,전공필수
3.6,3.4,3.4,3.3,2.4,문재윤 교수님,경영정보시스템(영강),2017-2학기,전공필수
5,4,2.9,3.2,3.4,이두희 교수님,광고론,2017-2학기,전공선택
4.7,3.5,2.8,3.1,3.8,최진희 교수님,광고론(영강),2017-2학기,전공선택
4.9,3.5,2.8,3.1,3.7,최진희 교수님,광고론(영강),2017-2학기,전공선택
3.8,4.1,2.9,3.4,3.5,Fang-Chi Lu 교수님,광고론(영강),2017-2학기,전공선택
4.6,3.4,3.4,3.9,3.9,윤성수 교수님,관리회계,2017-2학기,전공선택
4.9,3.8,3.5,3.4,4.1,유승원 교수님,관리회계(영강),2017-2학기,전공선택
4.8,3.4,3.8,4.1,4.2,한승수 교수님,관리회계(영강),2017-2학기,전공선택
1.4,4,3,2.2,4.3,박경삼 교수님,경영과학,2017-2학기,전공선택
4.6,3.9,3.6,3.7,3.7,김익수 교수님,기업경제학,2017-2학기,전공선택
4.6,3.2,3.2,2.6,2.9,편주현 교수님,기업경제학(영강) 유연학기제 시행 예정임_Flexible Semester(10/31~12/21),2017-2학기,전공선택
3.9,3.2,3.4,3.7,4.1,김재환 교수님,마케팅조사론(영강),2017-2학기,전공선택
4.6,3.3,3.1,3.4,4.1,유시진 교수님,마케팅조사론(영강),2017-2학기,전공선택
4.9,3.8,3.1,3,3.8,유원상 교수님,마케팅조사론(영강),2017-2학기,전공선택
1.3,4.5,3.8,3.7,3.5,정재웅 교수님,투자론 강사의 부득이한 사정으로 변경됨(최희정)->(정재웅),2017-2학기,전공선택
1.4,3,3.2,3.3,2.7,박경서 교수님,투자론(영강),2017-2학기,전공선택
1.5,3.5,4.5,4.5,4.4,손범진 교수님,투자론(영강),2017-2학기,전공선택
2.9,4.1,3.7,3.5,3.9,GUO Lin 교수님,투자론(영강),2017-2학기,전공선택
1.2,3.9,3.7,3.7,3.5,정재웅 교수님,투자론,2017-2학기,전공선택
3.6,3.3,3.3,2.8,2.8,정호원 교수님,빅데이터분석과해석의기초,2017-2학기,전공선택
4.7,3.9,3,2.7,3.2,남대일 교수님,벤처경영 타학과 신청가능 과목,2017-2학기,전공선택
3.6,3.4,2.7,2.6,3.3,김태규 교수님,조직행동론(영강),2017-2학기,전공필수
3.8,3.5,3.2,3.8,3.8,전재욱 교수님,조직행동론(영강),2017-2학기,전공필수
2.5,3.1,3.4,3.8,3.4,이동섭 교수님,조직행동론(영강),2017-2학기,전공필수
4.8,4,2.5,3.9,2.7,권성우 교수님,조직행동론(영강),2017-2학기,전공필수
4.8,3.1,2.8,3,3.1,오주연 교수님,조직행동론(영강),2017-2학기,전공필수
4.9,3.3,3.2,4.2,3.2,국화 교수님,조직행동론,2017-2학기,전공필수
5,3.8,3.7,4.3,4.5,이재혁 교수님,국제경영론,2017-2학기,전공필수
4.3,3.1,3.4,3.1,3.4,Martin Hemmert 교수님,국제경영론(영강),2017-2학기,전공필수
5,5,3,4,3,정창화 교수님,국제경영론(영강) 교환학생 전용분반(Exchange students only),2017-2학기,전공필수
5,4,2,2.2,2.8,조경아 교수님,국제경영론(영강),2017-2학기,전공필수
4.6,3.7,2.6,3.1,1.9,김순성 교수님,국제경영론(영강),2017-2학기,전공필수
4.9,4.4,2.6,3,3.1,김은미 교수님,국제경영론(영강),2017-2학기,전공필수
2.5,4.2,2.7,3.2,3.6,홍가혜 교수님,국제경영론 교수변경:조영삼교수->홍가혜교수,2017-2학기,전공필수
2.2,4.2,3.6,3.6,3.3,오춘호 교수님,국제경영론,2017-2학기,전공필수
4.2,3.7,3.4,4.1,3.6,신만수 교수님,아시아관점에서의한국경영과관리(영강),2017-2학기,전공선택
4.8,3.8,3.3,3,3.7,Martin Hemmert 교수님,지역연구(일본)(영강),2017-2학기,전공선택
4.7,4.1,3.6,3.6,4,정재호 교수님,거시경제와글로벌비즈니스이해(영강),2017-2학기,전공선택
4.7,3.3,3.9,3.6,3.3,편주현 교수님,거시경제와글로벌비즈니스이해(영강) 유연학기제 시행 예정임_Flexible Semester(10/31~12/21),2017-2학기,전공선택
4.7,3.5,3.6,3.9,3.9,김익수 교수님,중국경제론,2017-2학기,전공선택
4,2.8,3.8,4,2.8,정인식 교수님,국제마케팅론(영강),2017-2학기,전공선택
1.9,3.1,2.7,3,3.5,박종원 교수님,소비자행동,2017-2학기,전공선택
3.5,3.6,3.6,4.2,4.3,류강석 교수님,소비자행동,2017-2학기,전공선택
1.3,3.6,2.5,2.9,2.3,석관호 교수님,소비자행동(영강),2017-2학기,전공선택
4.7,3.5,2.9,3.4,3.6,윤성아 교수님,소비자행동(영강),2017-2학기,전공선택
4.8,3.9,3.5,3.5,4.2,정재호 교수님,국제금융론(영강),2017-2학기,전공선택
2,3.8,3.1,3.1,3.5,이만우 교수님,세무회계,2017-2학기,전공선택
5,3.6,3.9,3.8,4,유승원 교수님,회계학이론,2017-2학기,전공선택
4.6,3.4,3.6,3.6,4.3,이원희 교수님,노사관계론,2017-2학기,전공선택
4.8,3,3.3,3,2.8,김희천 교수님,혁신과전략(영강),2017-2학기,전공선택
2.2,3.8,2.3,1.7,3.8,김진배 교수님,전략적관리회계,2017-2학기,전공선택
4.8,3.2,4.6,4.2,4.1,배종석 교수님,인적자원관리,2017-2학기,전공선택
4.5,3.7,3.3,3.7,2.6,이수진 교수님,인적자원관리,2017-2학기,전공선택
1.4,3.1,3.2,3.1,2.7,정석우 교수님,고급회계,2017-2학기,전공선택
1.7,4.1,2.4,2.5,3.7,김상용 교수님,유통관리,2017-2학기,전공선택
4.9,3.4,2.7,2.9,1.6,이종호 교수님,마케팅전략(영강),2017-2학기,전공선택
5,3.7,3,3,3.5,Tony C. Garrett 교수님,마케팅전략(영강),2017-2학기,전공선택
4.7,3.8,3.2,4.1,3.2,문형구 교수님,기업윤리,2017-2학기,전공선택
4.9,3.6,3.5,3.6,4.2,이동욱 교수님,국제재무관리(영강),2017-2학기,전공선택
4.7,4.4,2.6,2.6,2.7,임호순 교수님,서비스운영관리(영강),2017-2학기,전공선택
2.5,3.5,4,3.5,4,이재남 교수님,프로세스혁신및프로젝트관리(영강),2017-2학기,전공선택
1.4,4.2,2.9,3,4.3,황준호 교수님,기업재무(영강),2017-2학기,전공선택
4.8,3.5,3.2,3.3,3.8,나현승 교수님,기업재무(영강),2017-2학기,전공선택
4,3.4,3.9,3.7,4.2,박진관 교수님,기업재무(영강),2017-2학기,전공선택
1.5,3.9,3.7,3.8,4.1,강상구 교수님,기업재무,2017-2학기,전공선택
4.4,2.6,3.3,3.3,2.6,Anat Zeelim-Hovav 교수님,정보보안관리(영강) 유연학기제 시행 예정임_Flexible Semester(9/4~10/25),2017-2학기,전공선택
1.9,3.7,4.8,4.4,4.5,김배호 교수님,선물옵션(영강),2017-2학기,전공선택
4.9,4.3,3.1,2.1,2.4,김도완 교수님,선물옵션,2017-2학기,전공선택
5,4.1,2.7,2.4,3.2,이동원 교수님,인터넷비즈니스와전자상거래(영강),2017-2학기,전공선택
2,3.3,4,2.7,3,이장혁 교수님,마케팅엔지니어링(영강),2017-2학기,전공선택
4.5,3.3,2.6,2.8,3.8,김태규 교수님,비즈니스협상(영강),2017-2학기,전공선택
4.8,3.8,2.4,3.7,3.1,권성우 교수님,비즈니스협상(영강),2017-2학기,전공선택
4.4,4,4.4,4.3,4,남대일 교수님,"경영전략(영강) 3,4학년 신청가능 과목",2017-2학기,전공필수
4.7,3.5,3.5,3.8,4.1,김언수 교수님,"경영전략(영강) 3,4학년 신청가능 과목",2017-2학기,전공필수
4.9,3.6,3.5,3.7,3.7,조명현 교수님,"경영전략 3,4학년 신청가능 과목",2017-2학기,전공필수
5,4,4,4,4.4,정창화 교수님,"경영전략(영강) 3,4학년 신청가능 과목",2017-2학기,전공필수
4.9,4.4,2.5,2.6,3.8,김봉선 교수님,"경영전략(영강) 3,4학년 신청가능 과목",2017-2학기,전공필수
3.8,4.3,2.9,2.7,3.6,박상범 교수님,"경영전략(영강) 3,4학년 신청가능 과목",2017-2학기,전공필수
3.6,3.4,2.4,2.7,2.8,안혜성 교수님,경영전략(영강),2017-2학기,전공필수
4,3.6,2.8,2.6,2.6,이종호 교수님,마케팅과혁신(영강),2017-2학기,전공선택
4.5,3.4,3.1,3.4,3.1,Tony C. Garrett 교수님,신상품개발과마케팅(영강),2017-2학기,전공선택
4.7,3.6,3.6,2.7,3.7,문정빈 교수님,소셜벤처창업,2017-2학기,전공선택
2,3.9,2.4,2.8,2.7,홍세준 교수님,IT혁신관리:이슈와트렌드(영강),2017-2학기,전공선택
1.4,3.8,3.9,4,4.6,김우찬 교수님,기업지배구조의이론과실제(영강),2017-2학기,전공선택
3.7,3.5,4,4.2,3.7,김동철 교수님,채권론(영강),2017-2학기,전공선택
4.8,3.7,3.8,3.6,4,이동욱 교수님,채권론(영강),2017-2학기,전공선택
3.2,3.3,4.1,3.9,4.3,배진한 교수님,기업가치평가(영강),2017-2학기,전공선택
2,3.5,3,4.5,4,이동섭 교수님,리더쉽:이론과실제(영강),2017-2학기,전공선택
4.7,4,2.5,3,3,김영규 교수님,소셜네트워크와경쟁우위(영강),2017-2학기,전공선택
3,3.3,3.8,4.5,3.7,염규옥 교수님,회계감사,2017-2학기,전공선택
1.4,3.8,4,3.7,3,이한상 교수님,금융회계(영강),2017-2학기,전공선택
3,3.3,3,2,3.5,김재환 교수님,국내경영현장실습Ⅰ 경영대학 홈페이지 공지사항 통해서 신청바람(재학생만 학점인정가능),2017-2학기,전공선택
1,3,3,1,3,김재환 교수님,국내경영현장실습Ⅱ 경영대학 홈페이지 공지사항 통해서 신청바람(재학생만 학점인정가능),2017-2학기,전공선택
2.3,3.3,3,1.7,3.3,김재환 교수님,국내경영현장실습Ⅲ 경영대학 홈페이지 공지사항 통해서 신청바람(재학생만 학점인정가능),2017-2학기,전공선택
4.3,4.1,2.9,3.1,3.6,이두희 교수님,인터넷마케팅,2017-2학기,전공선택
2.5,2.3,2.7,2.5,2.3,이장혁 교수님,인터넷마케팅(영강),2017-2학기,전공선택
3.8,4.4,3,3.4,3.2,박명섭 교수님,"구매,공급관리",2017-2학기,전공선택
2.7,2.3,1,1,1,오승주 교수님,창의설계 (신소재공학부),2017-2학기,전공선택
4.3,3.4,2.9,3.1,3,이재상 교수님,창의설계(영강) (건축사회환경공학부),2017-2학기,전공선택
4,3.8,2.6,2.3,3,노준홍 교수님,창의설계(영강) (건축사회환경공학부),2017-2학기,전공선택
2.1,3.5,2.2,1.6,2.7,이병양 교수님,창의설계(영강) (기계공학부),2017-2학기,전공선택
1.7,3,1.9,1.9,2.5,최원준 교수님,창의설계(영강) (기계공학부),2017-2학기,전공선택
2,2.7,3.7,2,2.7,이호성 교수님,창의설계(영강) (기계공학부),2017-2학기,전공선택
4.9,4.1,2.3,1.9,3,"김승욱,정재원이준호,허준장민호,이기봉김자영,정태수석준희⋯ 교수님","경영자를위한테크놀로지이해 (경영대학, 의과대학)",2017-2학기,전공선택
3.8,4,4.1,2.9,2.8,문영준 교수님,유체역학I(영강),2017-2학기,전공필수
4.4,3.3,3.6,3.5,3.7,신세현 교수님,유체역학I(영강),2017-2학기,전공필수
4.5,3.4,3.4,3.8,3.3,정재원 교수님,유체역학I(영강),2017-2학기,전공필수
4.8,4.3,3.3,3.2,4.4,심재경 교수님,전산기이용기계제도,2017-2학기,전공필수
3.8,3.3,2.7,3,3.9,최병호 교수님,전산기이용기계제도(영강),2017-2학기,전공필수
2.9,4.2,3.4,3.5,3.1,이병양 교수님,공업수학II(영강),2017-2학기,전공선택
2.2,3.8,3.3,3.4,3.9,이호성 교수님,공업수학II(영강),2017-2학기,전공선택
4.7,2.3,3.3,3.5,4.3,윤석구 교수님,열역학II(영강),2017-2학기,전공선택
1.8,3.8,3.6,4.1,3.2,심준형 교수님,열역학II(영강),2017-2학기,전공선택
4.6,3.4,3.5,3.5,3.9,홍대희 교수님,동역학,2017-2학기,전공필수
2.3,4.1,3.4,3.3,3.4,박신석 교수님,동역학(영강),2017-2학기,전공필수
1.4,3.5,3.7,3.2,3.8,최병호 교수님,고체역학Ⅱ(영강),2017-2학기,전공선택
1.2,3.7,3.3,3.6,4.2,송용남 교수님,고체역학Ⅱ(영강),2017-2학기,전공선택
1.1,3.6,4,4.1,4,장민호 교수님,창의적기계설계:캡스톤디자인(영강),2017-2학기,전공필수
1.1,3.3,4.7,4.6,3.9,정석 교수님,창의적기계설계:캡스톤디자인(영강),2017-2학기,전공필수
2.2,4.3,4.2,4,4.6,최원준 교수님,응용열전달(영강),2017-2학기,전공선택
2,3.3,3.5,3.6,4.2,김용찬 교수님,냉동,2017-2학기,전공선택
4,4,4,5,4,정진택 교수님,유체기계,2017-2학기,전공선택
4.6,4.1,4,2.5,3.8,문영준 교수님,유체역학II(영강),2017-2학기,전공선택
1.2,4.1,3.9,4.3,4,송용남 교수님,기계요소설계(영강),2017-2학기,전공선택
5,3,3,4,3,이호성 교수님,기계공학실험II(영강),2017-2학기,전공필수
4.6,3.7,3.3,3.3,3.4,김용찬 교수님,기계공학실험II(영강),2017-2학기,전공필수
5,3.1,3.6,3.5,3.1,심준형 교수님,기계공학실험II(영강),2017-2학기,전공필수
2.3,3.9,3.6,3,3.3,심재경 교수님,전산기응용설계,2017-2학기,전공선택
3.7,3.3,2.7,2.9,3.7,나성수 교수님,기계진동학,2017-2학기,전공선택
4.9,3.4,3.1,3.3,3.8,정우진 교수님,전기전자공학개론(영강),2017-2학기,전공선택
2.8,3.7,3.4,3.3,3,이병양 교수님,전기전자공학개론(영강),2017-2학기,전공선택
2.3,2.9,3.6,3.4,3.9,송재복 교수님,자동제어,2017-2학기,전공선택
4.6,4.3,3.2,3.2,3.5,김윤재 교수님,재료거동학(영강),2017-2학기,전공선택
3.5,4,4,4,3,김권희 교수님,통합설계,2017-2학기,전공선택
4.3,3.4,2.2,3.1,3.2,최우천 교수님,생산공학,2017-2학기,전공선택
1,2.8,4.5,3.9,3.9,권오명 교수님,나노공학입문,2017-2학기,전공선택
1,3.5,2,2,4.5,명차리 교수님,자동차공학,2017-2학기,전공선택
1.5,4.9,2.3,2.8,3.8,나성수 교수님,학부논문연구,2017-2학기,전공선택
1.7,3.5,3.3,3.5,3.6,이홍철 교수님,산업공학개론,2017-2학기,전공선택
1.9,4.4,3.1,3.3,4.4,강필성 교수님,데이터분석을위한프로그래밍언어(영강) 신공학관224호,2017-2학기,전공선택
3.9,4.6,3.2,3.2,4.5,심준용 교수님,일반회계및원가계산,2017-2학기,전공선택
3.7,4.7,2.8,2.9,4.6,심준용 교수님,일반회계및원가계산,2017-2학기,전공선택
2.9,3.9,3.3,3.1,3,김기현 교수님,자료구조및알고리즘,2017-2학기,전공선택
1.8,2.4,4,4.6,3.5,명노해 교수님,응용통계및실습,2017-2학기,전공필수
1.9,3.6,2.6,2.4,3,오형석 교수님,응용통계및실습,2017-2학기,전공필수
4,2.3,3.9,4,3.3,최인찬 교수님,OR-Ⅰ및 실습,2017-2학기,전공필수
4.8,3.2,3.7,3.3,3.8,임현우 교수님,OR-Ⅰ및 실습,2017-2학기,전공필수
1.6,3.2,3.7,3.5,4,김기택 교수님,공학수학,2017-2학기,전공선택
2.2,4.3,2.6,2.7,3.9,정태수 교수님,공급사슬경영(영강),2017-2학기,전공선택
2.8,3.5,4.2,4.2,4.8,백준걸 교수님,시뮬레이션및실습,2017-2학기,전공선택
3.7,3.2,4,3,3.2,서윤호 교수님,생산통제,2017-2학기,전공선택
4,2.7,3,3.1,3.2,한성원 교수님,실험계획법(영강),2017-2학기,전공선택
4.2,3.7,2.7,2.9,3.9,김성범 교수님,품질공학,2017-2학기,전공필수
4.3,4.5,2.5,2.8,2.6,박재규 교수님,제품개발,2017-2학기,전공필수
4.5,3.8,2.3,1.8,2.5,장동식 교수님,영상정보시스템,2017-2학기,전공선택
4.8,3.5,1.6,2.2,2.8,박종선 교수님,서비스공학,2017-2학기,전공선택
1,4,3,3,4,한성원 교수님,캡스톤디자인Ⅱ,2017-2학기,전공선택
3,3.8,3.6,3.7,3.9,김웅 교수님,물리화학II(영강),2017-2학기,전공필수
4.5,4.1,4.6,4.4,3.9,오승주 교수님,물리화학II(영강),2017-2학기,전공필수
4.9,2.6,3.6,3.7,3.8,서지훈 교수님,재료전자기물성(영강),2017-2학기,전공필수
1,4.8,2.4,2,2.4,이인환 교수님,재료전자기물성(영강) 강의실은 학과홈페이지 참조,2017-2학기,전공필수
1.7,4.5,2.3,2.8,4.7,이재승 교수님,재료전자기물성(영강) 재수강생만 수강가능/강의실은 학과홈페이지 참조,2017-2학기,전공필수
4.7,2.8,2.8,3,3.1,이재철 교수님,공업수학II(영강),2017-2학기,전공선택
4,1.8,2.4,2.4,2.4,이재철 교수님,공업수학II(영강),2017-2학기,전공선택
3,3.4,3.3,3.4,3,윤호규 교수님,유기재료개론 학년제한없음-전학년 수강가능,2017-2학기,전공선택
4.5,2.1,3.9,4.5,3.4,성윤모 교수님,바이오재료개론(영강),2017-2학기,전공선택
4.5,2.9,3.6,3.9,3.8,이재철 교수님,재료기계물성,2017-2학기,전공필수
2.9,3.8,2.9,3,3.8,이명규 교수님,재료기계물성(영강) 강의실은 학과홈페이지 참조,2017-2학기,전공필수
4.5,3.5,2.5,2.5,3,서광석 교수님,재료공학실험II 조배정후 학과홈페이지 안내,2017-2학기,전공필수
4.7,4.2,2.5,3.3,3.2,이명규 교수님,재료공학실험II 조배정후 학과홈페이지 안내,2017-2학기,전공필수
5,4,3,2.7,2.3,이준호 교수님,재료공학실험II 조배정후 학과홈페이지 안내,2017-2학기,전공필수
5,3,3,3,3,김웅 교수님,재료공학실험II 조배정후 학과홈페이지 안내,2017-2학기,전공필수
5,3,1,1,1,오승주 교수님,재료공학실험II 조배정후 학과홈페이지 안내,2017-2학기,전공필수
5,4,5,3,2,이종흔 교수님,재료공학실험II 조배정후 학과홈페이지 안내,2017-2학기,전공필수
5,3.7,3.5,3.4,4.3,김동환 교수님,반도체재료,2017-2학기,전공선택
4.6,3.4,4,4.4,4.2,이종흔 교수님,전자세라믹스(영강),2017-2학기,전공선택
4.6,2.5,2.8,3.1,3.3,이성래 교수님,상평형론,2017-2학기,전공선택
4.8,2.3,3.5,3.4,3.4,서지훈 교수님,고분자재료분석(영강),2017-2학기,전공선택
1.7,3.3,3.5,3.8,3.9,성태연 교수님,디스플레이소재및공정(영강),2017-2학기,전공선택
5,3.7,3.7,2.9,3.6,이준호 교수님,소재제련공정(영강),2017-2학기,전공선택
1,3.8,4.9,4.5,3.3,이경진 교수님,고체물리(영강) 강의실은 학과홈페이지 참조,2017-2학기,전공선택
2,3.5,3.9,3.3,3.4,허주열 교수님,열전달및확산,2017-2학기,전공필수
3.2,4.4,3.2,2.6,2.2,윤우영 교수님,신소재종합설계Ⅱ,2017-2학기,전공선택
4.6,3.4,3.3,2.1,3.1,서광석 교수님,유기재료전자물성,2017-2학기,전공선택
4.9,3.4,2.6,2.9,3.8,임대순 교수님,세라믹재료공정,2017-2학기,전공선택
5,4,3,3,3,강윤찬 교수님,재료공학실험IV 조배정후 학과홈페이지 안내,2017-2학기,전공선택
2,3.3,1,1,1,이인환 교수님,재료공학실험IV 조배정후 학과홈페이지 안내,2017-2학기,전공선택
5,3.6,3.3,4.1,4.1,장호 교수님,복합재료,2017-2학기,전공선택
4.8,4.3,3.1,3.3,3.9,이해근 교수님,초전도재료및응용,2017-2학기,전공선택
4.7,3.9,3,2.7,3.4,강윤찬 교수님,전자재료공정,2017-2학기,전공선택
1,3,3,1,3,이헌 교수님,졸업종합설계Ⅱ 지도교수 별도 배정(학과홈페이지 참조),2017-2학기,전공필수
5,3,3,3,2,이경진 교수님,졸업종합설계Ⅱ 지도교수 별도 배정(학과홈페이지 참조),2017-2학기,전공필수
1,5,4,5,4,임상호 교수님,졸업종합설계Ⅱ,2017-2학기,전공필수
3,3.3,3,3.3,2.9,엄두섭 교수님,전기회로Ⅱ,2017-2학기,전공필수
2.5,3.7,2.6,3,2,전완종 교수님,전기회로Ⅱ,2017-2학기,전공필수
4.3,2.7,3.2,3.2,2.1,박귀태 교수님,전기회로Ⅱ,2017-2학기,전공필수
4.2,3.5,3.3,3.6,3.3,김석기 교수님,전기회로Ⅱ,2017-2학기,전공필수
1.7,3.9,4.2,4.1,3.9,김규태 교수님,전자기학,2017-2학기,전공필수
4.9,3.4,3.3,3.2,2.7,김문일 교수님,전자기학,2017-2학기,전공필수
2.9,3.2,3.6,3.7,3.9,전상근 교수님,전자기학(영강),2017-2학기,전공필수
3.4,3.5,3.7,3.8,4,이재성 교수님,전자기학(영강),2017-2학기,전공필수
2.3,3.5,3,3.1,2.1,전완종 교수님,전자기학,2017-2학기,전공필수
1.4,3.6,4.1,4,3.9,김황남 교수님,데이터구조및알고리즘,2017-2학기,전공필수
1.2,3.1,3.7,3.7,3.6,김종국 교수님,데이터구조및알고리즘(영강),2017-2학기,전공필수
1.2,3.2,2.8,3.1,3.5,정창성 교수님,데이터구조및알고리즘,2017-2학기,전공필수
4.3,3.7,3,3.5,3.3,박진우 교수님,디지털시스템실험,2017-2학기,전공필수
3.9,3.1,4.1,3.9,3.9,김선욱 교수님,디지털시스템실험,2017-2학기,전공필수
4.6,4.4,3.3,3.4,3.4,김종국 교수님,디지털시스템실험,2017-2학기,전공필수
4.5,4.1,4,3.9,4.4,이상현 교수님,디지털시스템실험,2017-2학기,전공필수
5,4,3.5,3,3.3,김문일 교수님,디지털시스템실험,2017-2학기,전공필수
4.4,4.1,3.5,3,3.3,엄두섭 교수님,디지털시스템실험,2017-2학기,전공필수
3.8,4.2,4,4,3.9,김창수 교수님,디지털시스템실험,2017-2학기,전공필수
5,3.5,3.7,3.7,3.8,백상헌 교수님,디지털시스템실험(영강),2017-2학기,전공필수
4.7,3.5,3.4,3.7,3,이철진 교수님,물성전자공학,2017-2학기,전공필수
1.2,3.4,3.5,3.9,3.5,김상식 교수님,물성전자공학,2017-2학기,전공필수
2.2,4.2,3.1,3,4.2,김수진 교수님,물성전자공학(영강),2017-2학기,전공필수
1.8,4.8,2,2.1,2.8,Beelee Chua 교수님,물성전자공학(영강),2017-2학기,전공필수
2.6,3.6,3.6,3.5,3.6,윤태웅 교수님,공학수학Ⅱ,2017-2학기,전공필수
1.2,4.6,2.9,2.7,3,이상현 교수님,공학수학Ⅱ(영강),2017-2학기,전공필수
1.7,3.6,3,3.3,3.6,김창수 교수님,공학수학Ⅱ,2017-2학기,전공필수
4.3,3.3,3.5,3.3,3.9,김미정 교수님,공학수학Ⅱ,2017-2학기,전공필수
1.8,3.1,3,3.3,4.2,허준 교수님,공학수학Ⅱ,2017-2학기,전공필수
4.7,3.2,3.7,4,3.6,김철우 교수님,전자회로Ⅱ,2017-2학기,전공필수
2.6,3.5,3.9,4.1,3.9,이재성 교수님,전자회로Ⅱ(영강),2017-2학기,전공필수
2.9,2.9,3.2,3.5,4.1,김용신 교수님,전자회로Ⅱ(영강),2017-2학기,전공필수
1.9,3.9,3.5,3.5,3.8,이형민 교수님,전자회로Ⅱ(영강),2017-2학기,전공필수
4.3,4.3,3,3.7,4.3,이철진 교수님,전자회로설계및실험II,2017-2학기,전공필수
3.5,4,3,2.5,3.5,김태근 교수님,전자회로설계및실험II,2017-2학기,전공필수
5,4.2,2.3,1.7,2.3,문병무 교수님,전자회로설계및실험II,2017-2학기,전공필수
3.8,3.2,2.6,3.2,3.6,이재성 교수님,전자회로설계및실험II,2017-2학기,전공필수
4.5,3.3,3.8,2.8,2.5,전상근 교수님,전자회로설계및실험II,2017-2학기,전공필수
3,4,4,4,4.3,이형민 교수님,전자회로설계및실험II,2017-2학기,전공필수
3,3.4,3.3,3,3.3,김용신 교수님,전자회로설계및실험II(영강),2017-2학기,전공필수
2.5,3.4,3,3.5,3.2,박진우 교수님,데이터네트워크,2017-2학기,전공선택
2.2,3.3,2.9,3.3,3.1,백상헌 교수님,데이터네트워크,2017-2학기,전공선택
2.6,3.2,4.4,4.2,3.8,강충구 교수님,통신시스템Ⅱ,2017-2학기,전공선택
4.6,3.8,4.5,4,4.1,김운경 교수님,통신시스템Ⅱ,2017-2학기,전공선택
2.7,3.2,3.7,3.7,4.2,이인규 교수님,통신시스템Ⅱ,2017-2학기,전공선택
1.2,3.6,3.2,3.1,3.9,유현용 교수님,반도체공학Ⅱ(영강),2017-2학기,전공선택
4.4,3.4,4.2,4.2,4.6,최린 교수님,운영체제,2017-2학기,전공선택
1.3,3.3,2.5,2.8,3.5,이병준 교수님,전력공학Ⅱ,2017-2학기,전공선택
4.7,3.4,3.4,3.3,2.5,유지윤 교수님,전기기기Ⅰ,2017-2학기,전공선택
1.3,3.5,2.3,2.2,3.2,고성제 교수님,디지털신호처리,2017-2학기,전공선택
2.3,3.5,4,4,3.1,설상훈 교수님,디지털신호처리,2017-2학기,전공선택
4.7,4.8,3.9,3.9,3.8,안춘기 교수님,제어공학(영강),2017-2학기,전공선택
1,3,2.8,3,2.4,강충구 교수님,종합설계Ⅱ,2017-2학기,전공필수
1.6,4.1,2.7,2.9,3.3,엄두섭 교수님,종합설계Ⅱ,2017-2학기,전공필수
3.7,3.7,2.3,2.7,3.7,강철희 교수님,엔지니어의리더쉽,2017-2학기,전공선택
1.3,4.3,2.3,2.3,4.3,김상식 교수님,정보기억소자,2017-2학기,전공선택
4.2,4,2.5,2.5,3.7,주병권 교수님,정보디스플레이,2017-2학기,전공선택
2,4,4,3,3,김종옥 교수님,멀티미디어신호처리,2017-2학기,전공선택
4.8,4,2.1,2.5,2.6,문병무 교수님,전자신소재공학,2017-2학기,전공선택
2.2,4.2,2.9,2.3,2.8,Beelee Chua 교수님,기초양자전자공학(영강),2017-2학기,전공선택
3.7,3.3,3.7,4.5,3.8,석준희 교수님,인터넷프로그래밍(영강) Flipped Class,2017-2학기,전공선택
2.6,3.5,2.8,3,4.1,주성관 교수님,에너지관리시스템,2017-2학기,전공선택
5,3,2.5,2,4,유지윤 교수님,전동기제어,2017-2학기,전공선택
4.3,4,2.7,2.5,3,고한석 교수님,패턴인식(영강),2017-2학기,전공선택
2.6,3.1,2.7,2.7,3.7,도락주 교수님,로봇공학개론,2017-2학기,전공선택
3,3.4,3.6,4.6,3.8,박종선 교수님,디지털집적회로(영강),2017-2학기,전공선택
4.9,3.6,4.1,4.2,3.7,최항석 교수님,공업수학II(영강),2017-2학기,전공필수
3.2,3.8,4.6,3.8,2.1,최항 교수님,공업수학II (담당교수 개강 전 공지),2017-2학기,전공필수
4.9,3.5,3.5,4.3,4.3,최항석 교수님,토질역학,2017-2학기,전공선택
4.9,3.4,3.9,4,3,이재상 교수님,환경공학I(영강),2017-2학기,전공선택
3.6,3.9,3.1,2.5,3.5,주영규 교수님,구조역학I(영강),2017-2학기,전공선택
1.3,3.1,2.6,3.7,4,백경록 교수님,하천공학및실험(영강),2017-2학기,전공선택
4.5,2,3,2,2,한상윤 교수님,재료역학실험,2017-2학기,전공선택
4.9,3.3,3.4,3.7,4.1,한상윤 교수님,재료역학,2017-2학기,전공선택
5,3.8,3.6,3.6,3.5,이종구 교수님,재료개론(영강),2017-2학기,전공선택
3,3.5,2.8,2.8,4.5,박창희 교수님,건축설계I,2017-2학기,전공선택
4.5,3.5,3.3,3.3,4,기현철 교수님,건축설계I (담당교수:기현철),2017-2학기,전공선택
4.7,3.6,2.9,3.3,3,노준홍 교수님,신재생에너지기초(영강),2017-2학기,전공선택
5,4,3.5,3.5,4,김중훈 교수님,수자원전산해석 (전산실:신공학관B113),2017-2학기,전공선택
3.8,3.8,3.6,4.2,3.8,이우진 교수님,기초공학,2017-2학기,전공선택
3.1,4.1,3.6,4.3,3.9,이종섭 교수님,기초공학(영강),2017-2학기,전공선택
4,3.8,3.3,3.3,3.8,공정식 교수님,구조역학II(영강),2017-2학기,전공선택
1.2,3.6,3.8,3.6,3.1,지광습 교수님,수치해석(영강) (전산실:신공학관B113),2017-2학기,전공필수
1.3,3.8,2.5,4.8,3.8,이우진 교수님,SOC시공,2017-2학기,전공선택
1.4,4.3,2.9,2.8,3.2,유철상 교수님,건설공학의통계적해석 (전산실:신공학관B109),2017-2학기,전공선택
2,3.6,2.7,3,4,이학은 교수님,기본구조동역학,2017-2학기,전공선택
2.9,4.1,4.5,4.5,4.5,윤영수 교수님,철근콘크리트구조설계Ⅱ,2017-2학기,전공선택
4.8,4,3.3,3.8,4,김동완 교수님,응용에너지공학(영강),2017-2학기,전공선택
4.2,3.8,4.3,3.7,3.8,손상영 교수님,해안및항만공학(영강),2017-2학기,전공선택
2.5,4.2,3.9,3.9,3.9,지광습 교수님,응용재료역학 (담당교수:전낙현),2017-2학기,전공선택
4,3.3,3.3,3,4.3,이종구 교수님,첨단건설재료및실험,2017-2학기,전공선택
4.9,3.5,3.5,3.9,3.9,강승모 교수님,교통공학(영강),2017-2학기,전공선택
4.6,4.3,2,2,3.7,김지상 교수님,강구조설계Ⅱ,2017-2학기,전공선택
4.9,4.1,3.1,3.2,3.7,조훈희 교수님,건설관리론(영강),2017-2학기,전공선택
4.3,4,2.4,2.4,3.1,임현수 교수님,방재및피난공학,2017-2학기,전공선택
3.4,4.2,3,2.8,4.4,전문태 교수님,건축설계III (담당교수:전문태),2017-2학기,전공선택
4.6,3.4,4,4,3.8,이종섭 교수님,암반역학,2017-2학기,전공선택
3.6,3.4,4.4,4.1,3,유철상 교수님,수자원시설물설계 (전산실:신공학관B109),2017-2학기,전공선택
5,3,5,5,3,박희등 교수님,환경시스템설계및관리(영강),2017-2학기,전공선택
3,4.5,4.5,3,4.5,최항 교수님,건축구조실험및실습,2017-2학기,전공선택
3,4.5,3.5,4,4.5,"지광습,이종섭주영규 교수님",건설종합설계Ⅱ (사회인프라 전공),2017-2학기,전공필수
3,4,3.5,3,2.5,"이종구,조훈희강승모 교수님",건설종합설계Ⅱ (건설시스템경영및관리 전공),2017-2학기,전공필수
3.7,3,4.3,5,5,"백경록,박희등김동완,노준홍 교수님",건설종합설계Ⅱ (물과환경 전공),2017-2학기,전공필수
5,3.9,2.3,2.7,4.3,손상혁 교수님,건축경제,2017-2학기,전공선택
4.3,4.3,1.4,1.4,2.1,이명도 교수님,리모델링및자산관리,2017-2학기,전공선택
3.3,2.3,2.7,2.7,3,"김자영,명재범 교수님",건축설계Ⅱ(영강) 제2공학관 548,2017-2학기,전공필수
4,4,4,5,5,"이은정,서민범 교수님",건축설계Ⅱ(영강) 제2공학관 525,2017-2학기,전공필수
5,4,4,5,5,"Fabio Dacarro,홍석규 교수님",건축설계Ⅱ(영강) 제2공학관 534,2017-2학기,전공필수
5,5,2,5,5,"Santiago-Porras Alvarez,김세진 교수님",건축설계Ⅱ(영강) 제2공학관 531A,2017-2학기,전공필수
1.7,3.3,3.3,3.3,4,"맹희재,양미란 교수님",건축설계Ⅱ(영강) 제2공학관 532,2017-2학기,전공필수
3.1,3.5,3.4,3.5,2.9,음성우 교수님,건축구조역학,2017-2학기,전공필수
5,3.3,4,4.6,4.6,Santiago-Porras Alvarez 교수님,건축재료학(영강),2017-2학기,전공필수
5,2.2,2.7,3.2,2.7,강경연 교수님,건축시설계획,2017-2학기,전공선택
4.7,4.3,3.3,3.3,4.5,박은주 교수님,표현기법(영강),2017-2학기,전공필수
3,4,3.5,3.5,3.5,임경희 교수님,표현기법,2017-2학기,전공필수
5,4,2,2.7,4.3,심재명 교수님,표현기법,2017-2학기,전공필수
5,3.1,3.3,3.7,2.9,이경훈 교수님,건축프로그래밍,2017-2학기,전공필수
3.1,3.8,3.4,3.8,4.4,김현섭 교수님,근대건축사,2017-2학기,전공필수
4.9,2.9,3.8,4.6,2.8,황용연 교수님,건축법및제도,2017-2학기,전공필수
4,4.3,5,5,4.8,"이은정,이해원 교수님",건축설계Ⅳ(캡스톤디자인)(영강) 제2공학관 525,2017-2학기,전공필수
4.3,4.7,3.3,4,4.7,"고광석,홍태선 교수님",건축설계Ⅳ(캡스톤디자인) 제2공학관 551,2017-2학기,전공필수
4,3.3,4.3,4.3,4.3,"Fabio Dacarro,송률 교수님",건축설계Ⅳ(캡스톤디자인)(영강) 제2공학관 547B,2017-2학기,전공필수
3,3,4.5,4.5,3.5,"노석준,김영재 교수님",건축설계Ⅳ(캡스톤디자인)(영강) 제2공학관 547A,2017-2학기,전공필수
3,2,4,4.3,4.3,"안상현,곽희정 교수님",건축설계Ⅳ(캡스톤디자인)(영강) 제2공학관 545,2017-2학기,전공필수
4,4.3,3.3,3.1,3.9,"김세용,김동현 교수님",단지계획,2017-2학기,전공필수
4.4,3.5,3.4,3.6,4.8,류성룡 교수님,한국건축사,2017-2학기,전공필수
5,4,3.3,3.5,3.3,김강수 교수님,건축설비시스템,2017-2학기,전공필수
5,4,3.5,4,3.5,김성식 교수님,건축설비시스템,2017-2학기,전공필수
3.6,3.6,2.8,3.2,2.4,김자영 교수님,인테리어계획론(영강),2017-2학기,전공선택
5,2,1,3,3,"여영호,홍근표 교수님",건축설계Ⅵ(캡스톤디자인) 제2공학관 535,2017-2학기,전공필수
4,3,3.5,3.5,4,"Daniel Oh,Carolina Cugat Garci⋯ 교수님",건축설계Ⅵ(캡스톤디자인)(영강) 제2공학관 543,2017-2학기,전공필수
4,3,3,2,3,"김자영,양웅 교수님",건축설계Ⅷ(캡스톤디자인)(영강) 제2공학관 536,2017-2학기,전공필수
4.5,4,3,3,3,"홍택,이재우 교수님",건축설계Ⅷ(캡스톤디자인)(영강) 제2공학관 541,2017-2학기,전공필수
4.8,3.4,3.7,4,3.7,이지원 교수님,생명공학,2017-2학기,전공필수
1.5,3.7,4.5,4.3,4.5,김종엽 교수님,유체역학,2017-2학기,전공필수
4.8,4.3,3.6,3.7,4.1,봉기완 교수님,유체역학(영강),2017-2학기,전공필수
4.7,3.2,3.2,2.9,4,정현욱 교수님,공업수학II,2017-2학기,전공선택
1.9,2.9,3.7,3.7,3,조진한 교수님,화공생명공학입문(영강),2017-2학기,전공필수
4.2,3.8,3.9,4.3,4.2,방준하 교수님,화공열역학,2017-2학기,전공필수
3.4,4.3,3.6,3.7,4.1,이정현 교수님,화공열역학(영강),2017-2학기,전공필수
2.5,4.1,3.4,3.9,3.6,오민규 교수님,유기화학Ⅱ,2017-2학기,전공선택
1,4.1,4.4,4.3,4.4,김종엽 교수님,열및물질전달 신공학관 B104호에서 진행,2017-2학기,전공필수
3.9,1.8,4.6,4.3,1.2,임상혁 교수님,열및물질전달(영강),2017-2학기,전공필수
5,4,3.5,3.8,4.6,이기봉 교수님,분리공정(영강),2017-2학기,전공선택
4.2,3.2,3.2,3.6,3.8,하정숙 교수님,양자및표면화학,2017-2학기,전공선택
5,4,4.5,4.7,4.6,양대륙 교수님,공정제어,2017-2학기,전공선택
4.7,3.9,3.2,3.7,2.2,김승욱 교수님,생물공정공학(영강) 신공학관B102호,2017-2학기,전공선택
5,3.2,3.9,4.3,4.2,송광호 교수님,촉매반응공학(영강),2017-2학기,전공선택
5,3.2,3.4,3.2,2.8,이지원 교수님,화공생명공학실험Ⅰ,2017-2학기,전공필수
4.3,3.8,2.8,2.8,3.3,봉기완 교수님,화공생명공학실험Ⅰ(영강),2017-2학기,전공필수
3.4,3.5,2.4,3.3,3.6,김지현 교수님,에너지공학,2017-2학기,전공선택
4.9,2.9,3.6,3.6,2.3,박일재 교수님,공정및제품설계 (목7-9) 전산실과 일반강의실 번갈아 가며 수업예정,2017-2학기,전공선택
5,4,3,3,5,안동준 교수님,나노화학공학,2017-2학기,전공선택
2.7,3.6,2.5,2.9,3.3,김우년 교수님,고분자물성,2017-2학기,전공선택
5,4,3,2,3,송광호 교수님,화공생명공학종합설계Ⅰ,2017-2학기,전공선택
5,5,4,3,1,김지현 교수님,학부세미나Ⅱ,2017-2학기,전공선택
3,4,2.5,2.5,3,이기봉 교수님,화공생명공학종합설계Ⅱ(영강) (개강 후 수강확인서 제출해야함),2017-2학기,전공선택
5,3.7,2.9,2.9,3.6,오정훈 교수님,조사방법론(영강),2017-2학기,전공선택
3.1,3.9,3.1,3.3,3.9,강문성 교수님,국제통상원론(영강),2017-2학기,전공필수
1.7,3.3,3.1,3.9,2.7,이재승 교수님,국제관계원론(영강),2017-2학기,전공필수
2.6,3.8,2.1,1.9,2.1,이웅현 교수님,세계화의이해(영강),2017-2학기,전공필수
5,4,2.6,2.8,2,김병기 교수님,전쟁과평화(영강),2017-2학기,전공선택
4.8,2.7,2.6,2.6,2.1,김은기 교수님,현대한국(영강),2017-2학기,전공선택
3.2,2.6,3.6,4,3.6,한정선 교수님,동아시아지역입문(영강),2017-2학기,전공선택
4.9,4,2.8,3.2,2.5,정서용 교수님,국제법(영강),2017-2학기,전공선택
1.3,3.1,3.7,4.1,1.7,공수진 교수님,국제경제법(영강),2017-2학기,전공선택
1.2,3.2,3.6,3.7,2.8,Robert Rudolf 교수님,국제개발의동역학(영강),2017-2학기,전공선택
3.8,3.4,3.5,3,4.1,Daniel Phillip Connolly 교수님,기술.정보와사회(영강),2017-2학기,전공선택
5,4.4,1.6,1.6,3.4,류정민 교수님,"한국외교콜로퀴움(영강) (외국인학생전용, P/F평가)",2017-2학기,전공선택
1.3,3.9,2.6,3,2.9,박인원 교수님,동아시아경제론(영강),2017-2학기,전공선택
4.8,3.3,2.6,2.6,2.9,박영철 교수님,국제금융특강(영강),2017-2학기,전공선택
4.5,3.1,4,4.5,3.7,이수훈 교수님,국제관계특강II(영강),2017-2학기,전공선택
1.3,3.2,3.6,4.1,4.3,김정호 교수님,미국경제론(영강),2017-2학기,전공선택
4.1,3.7,2.9,3.1,2.7,남승현 교수님,NGO와국제거버넌스(영강),2017-2학기,전공선택
4.7,3.7,2,2.1,2.4,유광석 교수님,한국학특강I(영강),2017-2학기,전공선택
4.7,2.7,3.6,3.9,3.7,신지영 교수님,한국학특강II(영강),2017-2학기,전공선택
2.3,4.2,3.8,3.5,4.4,이동은 교수님,국제금융:시장및기관(영강),2017-2학기,전공선택
5,4.3,3.2,3.1,2.5,정세원 교수님,유럽연합의국제관계(영강),2017-2학기,전공선택
2.5,3.2,3.5,3.9,4.1,최덕효 교수님,동아시아학특강I(영강),2017-2학기,전공선택
2.5,3.4,3.4,3.2,3.5,이승호 교수님,동아시아학특강II(영강),2017-2학기,전공선택
4.4,4.1,2.5,1.5,2.6,강규원 교수님,국제개발특강II(영강),2017-2학기,전공선택
4.8,4,2.3,2.6,3.3,박은숙 교수님,서울의이해 (GKS융합전공자에 한함),2017-2학기,전공필수
4.5,4.1,3.1,2.9,3.6,이미란 교수님,글로벌리더십 (GKS융합전공자에 한함),2017-2학기,전공필수
3,3.6,2.7,2.2,3,오정연 교수님,한국의산업과IT (GKS융합전공자에 한함),2017-2학기,전공필수
5,3.6,3.6,3.6,4.4,염성업 교수님,3D컴퓨터그래픽 타전공생 수강 불허,2017-2학기,전공선택
5,3.7,4.2,4,4.5,염성업 교수님,3D컴퓨터그래픽 타전공생 수강 불허,2017-2학기,전공선택
3.6,3.6,3.4,3.7,3,강신혁 교수님,디자인프로토타입핑,2017-2학기,전공선택
3.1,3.8,3.8,4.1,4.1,박승민 교수님,제품디자인스튜디오ll(영강),2017-2학기,전공필수
3.5,4,4.5,4.2,3.7,이태일 교수님,인터랙티브컴퓨팅,2017-2학기,전공선택
4.3,3.4,3.6,4.4,4.1,이예승 교수님,영상과사진,2017-2학기,전공선택
4.5,3.7,3.4,3.4,4.3,이종석 교수님,영상과사진,2017-2학기,전공선택
3.7,4,2,3,3.7,"정종미,지원진 교수님",매체와표현,2017-2학기,전공선택
4.7,3.8,3.3,3.9,3.2,신수진 교수님,판화연구(영강),2017-2학기,전공선택
3.7,3.3,3.4,3.5,3,노충현 교수님,회화와아이디어,2017-2학기,전공선택
5,4.7,3,4.3,4.3,함연주 교수님,조형기법,2017-2학기,전공선택
4,3.4,3,3.6,3.2,인치호 교수님,기초디자인-3D 타전공생 수강 불허,2017-2학기,전공선택
4.3,3.8,3.7,4.4,4.3,인치호 교수님,기초디자인-3D 타전공생 수강 불허,2017-2학기,전공선택
4.8,3.4,3.8,4.3,4.7,김현 교수님,디자인과조형,2017-2학기,전공선택
4.3,3.3,3.5,2.7,4.2,정소연 교수님,입체기초조형,2017-2학기,전공선택
4.7,3.3,3,3,3.2,이종민 교수님,입체기초조형,2017-2학기,전공선택
2.4,4.3,2.1,2.1,1.8,인치호 교수님,디자인워크샵(영강) 타전공 수강 불허,2017-2학기,전공선택
2,2.2,4.3,3.7,2.1,이태일 교수님,제품디자인스튜디오IV,2017-2학기,전공필수
5,2.5,3.6,3.7,2.6,이승미 교수님,디자인마케팅,2017-2학기,전공선택
4.1,2.8,3.7,3,3,김영민 교수님,디자인사고,2017-2학기,전공선택
3.1,4.3,4.6,5,4.6,유승헌 교수님,인터페이스디자인(영강),2017-2학기,전공선택
4.8,3.4,3.7,3.6,4.6,김현 교수님,신개념가구디자인,2017-2학기,전공선택
5,3.3,3.6,3.8,4,정두희 교수님,한국화ll-색채기법,2017-2학기,전공필수
4.4,3.7,3.8,4.3,4.1,김수영 교수님,현대회화기법,2017-2학기,전공필수
4.3,4,2.3,2,2.8,이형욱 교수님,입체조형STUDIO(영강),2017-2학기,전공선택
2.4,4,2.6,2.8,3.4,허산 교수님,환경조형,2017-2학기,전공선택
2.4,2.7,3.3,2.7,2.1,이재형 교수님,뉴미디어아트,2017-2학기,전공선택
2.3,3,3.9,3.7,3.4,"유승헌,박승민 교수님",졸업연구(영강),2017-2학기,전공필수
5,4,3,5,5,김영민 교수님,디자인세미나,2017-2학기,전공선택
3.5,3.5,3.3,2.3,3,박승민 교수님,디자인사례연구(영강),2017-2학기,전공선택
2,4,2,3,4,"정종미,이예승 교수님",한국화스튜디오ll (수업시간 변경: 목 5-7),2017-2학기,전공선택
5,3.2,3.5,4.2,4.3,이문정 교수님,조형론,2017-2학기,전공선택
4,3,4,3,5,강석호 교수님,NEW FORMS,2017-2학기,전공선택
2,2.7,2.7,2.3,2.7,"정종미,이형욱 교수님",개별작품연구 [수업시간 변경:월2-3(동일)/목(8-9)],2017-2학기,전공선택
4,4.7,2.5,2.8,4.2,"김철규,정혜경 교수님","인문융합세미나 문과대 1소속자만 수강가능,이중/복수/부전공수강불가,문과대 홈페이지공지 필수확인",2017-2학기,전공선택
3,4,2.3,2,4,"김학진,김용현최호근 교수님","인문융합세미나 문과대 1소속자만 수강가능,이중/복수/부전공수강불가,문과대 홈페이지공지 필수확인",2017-2학기,전공선택
4,5,1,1,4,"최재웅,유혁유석훈,정유진홍정하 교수님","인문융합세미나 문과대 1소속자만 수강가능,이중/복수/부전공수강불가,문과대 홈페이지공지 필수확인",2017-2학기,전공선택
2.7,4,3.1,3.3,4.2,홍가혜 교수님,라틴아메리카의기업경영,2017-2학기,전공필수
4.6,4.3,2.7,3,4.2,김희순 교수님,라틴아메리카지역입문,2017-2학기,전공필수
4.2,3.8,3.4,3.9,4.5,조혜진 교수님,기초스페인어,2017-2학기,전공선택
4.5,3.5,2.7,3,3.3,"이현복,홍서연 교수님",동아시아시대의리더십,2017-2학기,전공필수
4.9,3.8,3.2,3.1,4.7,최귀묵 교수님,동아시아비교문학,2017-2학기,전공선택
4.6,3.1,3.7,4,3.9,홍정하 교수님,"언어,뇌,컴퓨터의이해",2017-2학기,전공필수
4.6,4.4,3,3.1,3.3,김남옥 교수님,과학기술과문화,2017-2학기,전공필수
1.7,3.8,3.4,3.6,3.9,박성호 교수님,한국근대문학의형성,2017-2학기,전공선택
5,4.4,4.3,4.2,2.7,오형엽 교수님,현대문학사,2017-2학기,전공선택
3.9,4,3.5,4.2,4.1,정우봉 교수님,한국한문학강독,2017-2학기,전공선택
3.1,4,2.7,3.1,3.6,이형대 교수님,근세시가론,2017-2학기,전공선택
4.7,3.7,3.2,3.4,4,정제호 교수님,전통연희론,2017-2학기,전공선택
4.7,3.9,2.6,2,2.1,장예준 교수님,국어교과논리및논술,2017-2학기,전공선택
4.1,3.1,3.1,4.1,3.4,신지영 교수님,한국어학의이해 (국어국문학과 1학년만 수강) * N/A Foreigners,2017-2학기,전공필수
3.8,4.2,2.2,2.6,3.5,김혜령 교수님,한국어학의이해 (국문과 1학년 이외 내국인 수강/다전공 이수자 포함) * N/A Foreigners,2017-2학기,전공필수
5,3.8,3.4,3.6,3.8,김정숙 교수님,한국어학의이해 (외국인만 수강) * Only for Foreigners,2017-2학기,전공필수
3.6,4.3,2.3,2,3.4,Jeffrey Holliday 교수님,한국어학의이해(영강),2017-2학기,전공필수
2.4,3.4,3.8,3.2,3.4,장경준 교수님,한국어발달사,2017-2학기,전공선택
2.6,3.5,3.5,3.9,4,정연주 교수님,한국어문법의이해,2017-2학기,전공선택
4.9,3.5,4.2,3.9,4.3,조민하 교수님,한국어표현론,2017-2학기,전공선택
3.2,3.3,3.2,2.8,3.6,강헌국 교수님,현대소설강독,2017-2학기,전공선택
4.3,3.7,3.3,2.2,3.9,김종훈 교수님,시창작연습,2017-2학기,전공선택
3.2,3.1,2.8,2.9,3.6,이상우 교수님,현대극작가론 (국어국문학과 1전공자에 한함),2017-2학기,전공선택
4.5,3.6,2.9,3.2,3.5,유인경 교수님,현대극작가론,2017-2학기,전공선택
4.9,4,2.9,3.1,3.8,장예준 교수님,고전산문강독,2017-2학기,전공선택
2.7,4.5,2.1,2.2,3.1,장효현 교수님,고전문학배경론,2017-2학기,전공선택
5,3.5,3.3,3.7,2.5,서태길 교수님,북한의한국어학,2017-2학기,전공선택
2.8,3.6,4.2,5,4.7,신지영 교수님,한국어음성학,2017-2학기,전공선택
1.2,3,4,3.8,2.8,김진규 교수님,중급러시아어II(외국어강의),2017-2학기,전공필수
3.7,4.5,2.5,3,3.1,김혁 교수님,중급러시아어II(외국어강의),2017-2학기,전공필수
4.8,5,2.4,2.4,4,Valentina A Bojko 교수님,중급러시아어회화II(외국어강의),2017-2학기,전공선택
4.8,3.8,3.5,4.2,4.5,최진희 교수님,러시아문학의전통과진화,2017-2학기,전공선택
5,4.3,4.3,5,4,임혜영 교수님,러시아문학과영상예술II,2017-2학기,전공선택
2.6,3.6,2.4,2.2,2.2,최정현 교수님,러시아어번역연습,2017-2학기,전공선택
4.5,4,3.8,4,3.8,이명현 교수님,러시아인문지리,2017-2학기,전공선택
3.9,4,2.3,2.6,3.1,홍지인 교수님,러시아대중문화,2017-2학기,전공선택
3.3,4.3,3.5,3.7,4.3,고일 교수님,현대러시아소설,2017-2학기,전공선택
2.2,4.2,3.4,3.8,4,고일 교수님,러시아문학강독과번역II,2017-2학기,전공선택
4,3.8,4.2,4,3.8,김혜란 교수님,러시아드라마와공연예술,2017-2학기,전공선택
3.2,3.7,3.6,4.3,3.6,박현아 교수님,러시아의언어문화,2017-2학기,전공선택
5,4.7,4,4.7,4.7,Valentina A Bojko 교수님,디지털문화와러시아어(외국어강의),2017-2학기,전공선택
5,5,4.5,3.5,5,Valentina A Bojko 교수님,고급러시아어회화II(외국어강의),2017-2학기,전공선택
1.8,3.7,3.3,3.8,2.8,허승철 교수님,러시아사회의이해,2017-2학기,전공필수
2.9,4.6,3.3,2.7,3.6,최정현 교수님,러시아문학사II,2017-2학기,전공선택
4.4,4,3.9,4.3,3.4,최호 교수님,고급러시아어II(외국어강의),2017-2학기,전공필수
2.7,4.7,3.7,3.3,4.3,윤성학 교수님,러시아경제와국제통상,2017-2학기,전공선택
4.1,4.6,3.1,3.3,2.9,김선안 교수님,푸슈킨,2017-2학기,전공선택
2,3,4,5,4,허승철 교수님,슬라브사회와문화,2017-2학기,전공선택
5,4.2,3,3.3,3.3,이남경 교수님,러시아어와멘탈리티,2017-2학기,전공선택
2.1,3.8,3.2,2.8,5,석영중 교수님,러시아작가론II,2017-2학기,전공선택
4,4.3,3.7,4,4,윤성학 교수님,러시아지역학,2017-2학기,전공선택
5,4.8,4,3.6,4.8,Valentina A Bojko 교수님,러시아어토르플II(외국어강의),2017-2학기,전공선택
4.3,4.3,1.8,1.8,3.3,정지윤 교수님,러시아어교과교재연구및지도법,2017-2학기,전공선택
4,4.5,3,3,3.8,정영주 교수님,우크라이나언어와사회,2017-2학기,전공선택
5,4.3,3.3,4,3.8,이명현 교수님,러시아예술과문화산업,2017-2학기,전공선택
2.6,3.5,2.7,2.5,3.1,김용현 교수님,광고로읽는독일문화(외국어강의),2017-2학기,전공선택
4.6,4.4,2.9,3,3.1,유진영 교수님,독일의생활문화,2017-2학기,전공선택
4.6,3.5,2.8,3,2.9,이은희 교수님,독일의대중문화,2017-2학기,전공선택
3.1,3.7,3.2,3.7,3.8,김용현 교수님,독일문학사,2017-2학기,전공선택
3.9,4.3,4.4,4.5,4.6,전지선 교수님,독어어휘연습II,2017-2학기,전공선택
3,3,2.5,2,2.5,박성철 교수님,의사소통의독어학,2017-2학기,전공선택
3.3,4,2.7,3.7,2.7,이정린 교수님,독일문화사,2017-2학기,전공선택
4.8,4,3.3,3.8,3.8,김인순 교수님,독소설의이해,2017-2학기,전공선택
4.3,4.1,3.3,3.6,3.9,유진영 교수님,독일의기업문화,2017-2학기,전공선택
2.2,3.8,2.2,2.4,3,이상욱 교수님,독해와문법Ⅱ,2017-2학기,전공선택
2.7,3,4,4,4,Malte Kelpin 교수님,독어 CEFR B I-II(외국어강의),2017-2학기,전공필수
3,3,4,3,4,Malte Kelpin 교수님,독어 CEFR B I-II(외국어강의),2017-2학기,전공필수
3.6,4.4,2.6,2.4,3.2,"Christoph Seifener,전지선 교수님",독일어작문(외국어강의),2017-2학기,전공선택
4.2,4.3,3.5,2.8,4.3,Christoph Seifener 교수님,독일동화와민담(외국어강의),2017-2학기,전공선택
5,4.1,3.5,4,4.4,김재혁 교수님,주제로읽는독일문학,2017-2학기,전공선택
3,5,3,4,4,박성철 교수님,독일어교과논리및논술,2017-2학기,전공선택
4.5,2.7,3.2,3.7,2.8,이은희 교수님,독일사회와다문화주의,2017-2학기,전공선택
3.9,3.8,2.3,2.4,3.7,조주은 교수님,프랑스학입문,2017-2학기,전공선택
4.3,2.7,3.9,4.7,4.1,윤진 교수님,프랑스어텍스트독해,2017-2학기,전공선택
2.5,3.8,3.4,3.2,3.5,Simon Kim 교수님,프랑스어글쓰기(외국어강의),2017-2학기,전공선택
4.3,4.2,2.7,2.9,3.6,조준형 교수님,프랑스어텍스트강독 불문과 1학년 권장 과목,2017-2학기,전공선택
4.3,3.5,3.4,3.9,3.2,유재화 교수님,프랑스역사와문화의이해 불문과 1학년 권장 과목,2017-2학기,전공선택
1.8,3,3.2,2.6,2.2,강충룡 교수님,프랑스언어학의이해,2017-2학기,전공선택
4.8,3.9,3.4,3.9,3.8,정명희 교수님,프랑스문학사II,2017-2학기,전공선택
1,4.1,3,3.6,3.7,김준현 교수님,프랑스문학과번역(외국어강의),2017-2학기,전공선택
2.2,4.6,2.3,1.6,2.9,Jeanmaire Guillaume 교수님,프랑스어텍스트번역연습(외국어강의),2017-2학기,전공선택
4.7,4,4.1,4.5,3.9,김화영 교수님,프랑스인문학텍스트읽기,2017-2학기,전공선택
3.2,3.9,3.5,3,3.8,지영래 교수님,프랑스소설과작가(외국어강의),2017-2학기,전공선택
4.9,4.6,2.4,2.5,2.8,김대영 교수님,프랑스어교과교재연구및지도법(외국어강의),2017-2학기,전공선택
4.4,3.8,2.2,2.7,3.3,곽노경 교수님,프랑스어교과논리및논술,2017-2학기,전공선택
3.9,3.3,3.9,3.3,3.9,손주경 교수님,프랑스고전시(외국어강의),2017-2학기,전공선택
5,3.7,4.6,4.1,3.4,김준한 교수님,번역의역사와문화,2017-2학기,전공선택
1.9,4.6,2.5,2.7,1.8,Jeanmaire Guillaume 교수님,한불번역의실제(외국어강의),2017-2학기,전공선택
4.6,3.6,4.4,4.1,3.7,조재룡 교수님,프랑스문학과비교문학(외국어강의),2017-2학기,전공선택
4.9,3.8,3.3,3.2,3.8,이순희 교수님,국제관계프랑스어,2017-2학기,전공선택
4.5,3.8,3.4,3.7,3.8,김경현 교수님,서양사입문,2017-2학기,전공선택
4.8,4.3,3.5,2.8,3.7,김호 교수님,중화제국의분열과통일,2017-2학기,전공선택
2.8,2.9,4,3.8,3.8,채준형 교수님,동아시아근대사,2017-2학기,전공선택
4.1,3.6,3.3,3.7,4.2,유희수 교수님,서양중세사,2017-2학기,전공선택
3.9,4,2.6,2.5,2.8,황동하 교수님,서양현대사 강사교체(황동하로 교체)로 인하여 영강에서 국강으로 변동.,2017-2학기,전공선택
4.7,3.1,2.5,1.9,2.6,조명철 교수님,일본근대사,2017-2학기,전공선택
4.5,4,3,3.5,4.5,이민경 교수님,영국문화사 강사교체(원태준에서 이민경으로 교체)로 인해 영강에서 국강으로 변경,2017-2학기,전공선택
2.7,2.9,3.6,3.9,3.5,김동혁 교수님,러시아문화사,2017-2학기,전공선택
4.8,4,3.1,3.3,3.9,이훈 교수님,한중관계사,2017-2학기,전공선택
2.3,3.5,3.3,3.9,3.5,고경주 교수님,오리엔트문명사,2017-2학기,전공선택
4.4,3.3,3.2,3.7,3.2,한해정 교수님,19세기유럽사회사,2017-2학기,전공선택
4.9,3.4,4,4.4,4.2,염운옥 교수님,과학혁명과근대사회의형성,2017-2학기,전공선택
1,3.3,3.9,3.8,4.1,박상수 교수님,중국혁명과중국공산당,2017-2학기,전공선택
3,2.3,2,2.7,2.7,손경탁 교수님,중국사특강Ⅱ(영강),2017-2학기,전공선택
5,4.1,3.3,3.5,4.4,Kathryn Weathersby 교수님,서양사특강Ⅱ(영강),2017-2학기,전공선택
2.6,2.8,3.2,2.8,2.7,송완범 교수님,일본사특강,2017-2학기,전공선택
3.3,4.4,3.4,3.5,4.2,권용철 교수님,동아시아사세미나,2017-2학기,전공선택
4.7,2.7,4.6,4.7,4.9,오인영 교수님,서양혁명사,2017-2학기,전공선택
1.4,3.7,3.9,3.4,3.9,최호근 교수님,서양사학사,2017-2학기,전공선택
1.2,3.5,2.8,3.4,3,안호용 교수님,가족사회학,2017-2학기,전공선택
1.4,2.5,2.8,2.4,2.3,고형면 교수님,사회연결망분석,2017-2학기,전공선택
4,3.6,1.8,2.6,2,이철우 교수님,사회학적상상력,2017-2학기,전공필수
1.8,3.5,3.3,3.9,2.2,정일준 교수님,사회학발달사 (사회학과 1학년만 수강가능),2017-2학기,전공필수
2.7,3.5,3.1,3.5,3.8,박형신 교수님,"사회학발달사 (사회학과 2,3,4학년 및 타과 수강 가능)",2017-2학기,전공필수
2.9,4.1,4.3,3.9,3.2,민문홍 교수님,현대사회학이론,2017-2학기,전공필수
3.1,3.7,3,3.5,2.8,김선업 교수님,사회조사방법,2017-2학기,전공필수
1.4,3.7,3.8,3.4,4,심재만 교수님,사회통계(영강),2017-2학기,전공필수
4.6,3.3,3.7,4.1,3.9,이진우 교수님,사회통계(영강),2017-2학기,전공필수
4.9,3,1.9,1.9,1.4,장신옥 교수님,대중문화론(영강),2017-2학기,전공선택
3.7,3.8,2.5,2.9,2.5,김철규 교수님,한국의사회와문화(영강) (Flipped Class/모든 재학생 수강가능),2017-2학기,전공선택
1.9,4.2,3.1,2.5,4,홍성태 교수님,집합행동론,2017-2학기,전공선택
4.6,3.3,2.7,3.2,3,김진영 교수님,생애과정의사회학,2017-2학기,전공선택
3.2,3.5,4.1,4.1,4.2,김동광 교수님,과학기술사회학,2017-2학기,전공선택
4.7,3.6,3,3.5,3.7,이지훈 교수님,영상사회학(영강),2017-2학기,전공선택
5,5,3,3,4,이윤경 교수님,질적연구방법(영강),2017-2학기,전공선택
1.5,3.6,2.8,3.3,2.6,손애리 교수님,사회변동론,2017-2학기,전공선택
5,3,3.4,3.1,4.4,김경은 교수님,일반사회교과교재연구및지도법,2017-2학기,전공선택
1.8,4.5,1.5,1.3,2.1,임형진 교수님,일반사회교과논리및논술,2017-2학기,전공선택
2.8,3.1,4.6,4.7,3.2,임인숙 교수님,젠더와사회,2017-2학기,전공선택
3.6,3.5,3.3,2.8,3.6,김경필 교수님,경제사회학,2017-2학기,전공선택
4.8,3.8,4.3,3.7,4,김승진 교수님,국제지역사회연구(영강),2017-2학기,전공선택
3.1,4,2.7,2.4,2.6,이종선 교수님,실업과고용정책,2017-2학기,전공선택
3.4,3.9,3.1,3.9,4.3,김수한 교수님,조직과환경(영강),2017-2학기,전공선택
4.1,3.3,2.9,3.1,2.8,윤인진 교수님,국제이주와다문화사회,2017-2학기,전공선택
2.3,3.7,2.9,2.9,3.3,김원섭 교수님,복지국가의비교사회학(영강),2017-2학기,전공선택
3.1,4,3.1,3.1,2.8,김수영 교수님,빈곤과빈곤정책,2017-2학기,전공선택
5,4.4,2.1,2.5,4,장재원 교수님,시청각스페인어II,2017-2학기,전공선택
2.9,3.9,4.4,3.5,4.4,정인태 교수님,중급스페인어연습II(외국어강의),2017-2학기,전공선택
5,4.2,3.4,3.4,4.7,장재원 교수님,스페인어산문강독,2017-2학기,전공선택
5,2.5,3.6,3.6,3.9,Guadalupe Susana Morales Zamor⋯ 교수님,고급스페인어회화(외국어강의),2017-2학기,전공선택
4.5,3.7,3.1,3.2,2.7,배지완 교수님,라틴아메리카단편소설강독,2017-2학기,전공선택
4.1,3.5,3.5,3.3,3.1,강정원 교수님,라틴아메리카주요국가이해,2017-2학기,전공선택
4.3,3.6,2.2,1.8,2.3,배지완 교수님,라틴아메리카사회와영화,2017-2학기,전공선택
1.2,2.8,4.1,3.4,2.1,정혜윤 교수님,스페인어사,2017-2학기,전공선택
3.9,4.1,2.7,3.6,3.5,안영옥 교수님,스페인문화사,2017-2학기,전공선택
1.5,3.4,3.3,3.8,3.8,박수경 교수님,서중남미지역학II,2017-2학기,전공선택
5,4.5,3.5,2.5,5,Sebastian Patron Saade 교수님,라틴아메리카시(외국어강의),2017-2학기,전공선택
4.5,2,3,3,2.5,김재선 교수님,스페인황금세기문학,2017-2학기,전공선택
4.8,4.4,2.7,3.1,3.2,김순성 교수님,스페인·라틴아메리카경제와사회발전,2017-2학기,전공선택
4.6,4.3,4,3.4,3.9,양성혜 교수님,스페인어번역및통역(외국어강의),2017-2학기,전공선택
5,4.2,4.4,4.3,3.3,정혜윤 교수님,스페인어구조의이해,2017-2학기,전공선택
1.7,3.2,3.4,4.2,3.8,김선욱 교수님,스페인희곡,2017-2학기,전공선택
1,2.7,4,4.6,4.1,김선욱 교수님,스페인문학비평,2017-2학기,전공선택
4.7,4.5,3.5,2.3,3.3,장재원 교수님,스페인작가론(외국어강의),2017-2학기,전공선택
4.1,4.1,2.9,2.5,2.3,배지완 교수님,라틴아메리카작가론,2017-2학기,전공선택
1,3.5,3.1,2,3.2,김용호 교수님,라틴아메리카사상사,2017-2학기,전공선택
3.7,3.5,3.3,3.3,3.8,김재선 교수님,스페인근현대문학,2017-2학기,전공선택
4.5,3.8,3.7,3.6,3.6,남영우 교수님,스페인에세이,2017-2학기,전공선택
2,3.3,3,2.3,2.1,오일석 교수님,라틴아메리카빅데이터분석,2017-2학기,전공선택
4.6,4.4,5,5,4.8,최은경 교수님,라틴아메리카문학이론연구,2017-2학기,전공선택
5,4.3,4.7,4,4.7,Sebastian Patron Saade 교수님,라틴아메리카문화이론연구(외국어강의),2017-2학기,전공선택
5,4.2,4,4.3,4.2,박수경 교수님,라틴아메리카인디오세계연구,2017-2학기,전공선택
1.2,3.4,3.4,4.1,4,김학진 교수님,심리학의기초I,2017-2학기,전공필수
1.7,3.1,2.8,3.4,3.3,고영건 교수님,심리학의기초II,2017-2학기,전공필수
4.8,3.6,3.8,3.2,3.6,구민모 교수님,심리통계,2017-2학기,전공필수
5,3.3,3.2,3,2.7,최승혁 교수님,심리통계 (심리통계실습 PSYC206-03 동시 수강자만 수강신청 가능),2017-2학기,전공필수
5,4,2.9,2.6,3.7,구민모 교수님,심리통계실습,2017-2학기,전공필수
4.9,3.6,3.1,2.7,3.6,구민모 교수님,심리통계실습,2017-2학기,전공필수
1,3.1,3.1,2.9,2.9,허태균 교수님,심리학연구와활용 14학번 이후 학번(~14)만 수강 가능함,2017-2학기,전공필수
4.2,1.8,4,4.5,2.9,최준식 교수님,학습심리학(영강),2017-2학기,전공선택
4.4,3.3,4.1,4.1,4.2,남기춘 교수님,기억심리학,2017-2학기,전공선택
3,3.8,3,3.4,3,최기홍 교수님,임상심리학(영강),2017-2학기,전공선택
4.4,2.8,2.8,3.6,2.6,정형수 교수님,상담심리학,2017-2학기,전공선택
1.1,3.1,2.9,2.7,3.7,고영건 교수님,심리검사,2017-2학기,전공선택
4.8,4,3,3.5,3.1,박동건 교수님,"조직심리학 (절대평가 / 재수강 금지 / 교생실습생 수강 불가) - 반드시 강의계획서에 기재된 수강 요건 확인 후, 수강신청 할 것",2017-2학기,전공선택
4.8,3,3.2,3.4,2.1,이지연 교수님,발달심리학,2017-2학기,전공선택
2.6,3.3,4.1,4.3,3.4,김현택 교수님,행동신경과학,2017-2학기,전공선택
4.9,3.8,3.6,4.4,4.2,백연지 교수님,언어심리학(영강),2017-2학기,전공선택
1.1,2.9,3.5,2.7,3.8,성영신 교수님,"광고심리학 (심리학의 기초I, 심리학의 기초II, 심리통계 수강완료시 신청가능)",2017-2학기,전공선택
1.4,3.8,3.5,3.7,3.9,김학진 교수님,의사결정심리학(영강),2017-2학기,전공선택
4.9,3.1,2.5,2.8,3.2,박선웅 교수님,대인관계심리학(영강),2017-2학기,전공선택
2.6,3.1,3.2,3.9,4.1,권정혜 교수님,행동수정,2017-2학기,전공선택
2.2,4.2,3.2,3,4,성용준 교수님,"뉴미디어심리학(영강) (심리학의 기초I, 심리학의 기초II, 심리통계 수강완료시 신청가능)",2017-2학기,전공선택
3.4,2.6,3.7,3.9,3.9,김채연 교수님,인지신경과학(영강),2017-2학기,전공선택
1.1,3.5,3.8,4.2,3.8,조양석 교수님,사용자경험과심리학(영강),2017-2학기,전공선택
5,4.6,2.9,3.1,4.1,주혜리 교수님,무제강좌,2017-2학기,전공선택
4.8,3.8,3,2.6,3,박미경 교수님,음성학,2017-2학기,전공선택
4.7,3.7,3.8,3.8,4.1,강범모 교수님,의미론,2017-2학기,전공선택
2.9,3.8,2.9,3.4,3.9,이진영 교수님,기호학,2017-2학기,전공선택
4.1,3.1,3.1,3.1,3.4,최재웅 교수님,담화분석,2017-2학기,전공선택
4.6,3.7,3.5,4.1,3.8,김성도 교수님,언어학과인류학,2017-2학기,전공선택
1.4,3.2,4,3.8,4,최계영 교수님,역사비교언어학,2017-2학기,전공선택
4.8,4.5,3.2,2.9,3.8,신규섭 교수님,개별언어II,2017-2학기,전공선택
4.6,4.3,3.5,3.5,3.5,정유진 교수님,생성문법(영강),2017-2학기,전공선택
4.4,3.7,3.8,3.9,4,강아름 교수님,언어학강독II(영강),2017-2학기,전공선택
4.3,4.2,2.5,2.5,3.3,전지은 교수님,언어학특강II,2017-2학기,전공선택
4,3.2,3.1,3.2,3.7,민자영 교수님,영미소설개론,2017-2학기,전공선택
4.5,4,3.3,3.9,3.8,하인혜 교수님,영미소설개론(영강),2017-2학기,전공선택
4.6,4.1,2.4,2.3,3.1,김현진 교수님,응용언어학개론(영강),2017-2학기,전공선택
4.5,3.6,3.6,3.7,4.3,Peter McAuley 교수님,전공영문글쓰기(영강),2017-2학기,전공선택
4.8,4,3.8,3.8,5,Peter McAuley 교수님,전공영문글쓰기(영강),2017-2학기,전공선택
5,3.3,4.5,3,4,Kathleen Lee 교수님,전공영문글쓰기(영강),2017-2학기,전공선택
4.1,3.9,2.6,3.4,3.6,윤정회 교수님,영문법(영강),2017-2학기,전공선택
4.8,3.8,2.9,3.8,3.2,이지영 교수님,영문법(영강),2017-2학기,전공선택
1.1,4.3,3.6,2.9,4.2,남호성 교수님,영어음성학,2017-2학기,전공선택
5,4,4,3,5,전범수 교수님,근대영문학의흐름(영강),2017-2학기,전공선택
4.9,3.3,3,3.3,3.8,윤희기 교수님,미국문학의흐름,2017-2학기,전공선택
4.5,3.8,3.7,4.2,3.9,김준삼 교수님,셰익스피어,2017-2학기,전공선택
4.4,3.8,3,2.9,3.6,김동욱 교수님,현대영국소설(영강),2017-2학기,전공선택
3.8,3.2,3.9,4.1,4,김양순 교수님,현대영국시,2017-2학기,전공선택
4.9,3.3,3.1,3.8,2.8,장성현 교수님,19세기영국시(영강),2017-2학기,전공선택
1.9,2.8,4,3.6,4.3,윤조원 교수님,19세기미국문학,2017-2학기,전공선택
5,3.5,3.7,4.2,4,신혜원 교수님,특수장르문학(영강),2017-2학기,전공선택
4.6,3,3.8,3.8,3.4,하인혜 교수님,초기영국소설(영강),2017-2학기,전공선택
3.2,3.8,3,3.5,4,최소담 교수님,미국흑인문학(영강),2017-2학기,전공선택
4.4,4,3.7,4.1,4,임현양 교수님,중세르네상스영문학(영강),2017-2학기,전공선택
4.8,3.8,3.9,3.3,4.6,Peter McAuley 교수님,영어권문학의이해(영강),2017-2학기,전공선택
4.6,3.3,3.5,3.5,4.2,Peter McAuley 교수님,미국영화(영강),2017-2학기,전공선택
2.4,3.8,4.4,4.4,4.4,전준택 교수님,미국희곡,2017-2학기,전공선택
3.9,3.4,4.2,3.8,3.1,김동욱 교수님,영국산문,2017-2학기,전공선택
4.2,3.1,4,4,3.7,이주경 교수님,영어음운론(영강),2017-2학기,전공선택
5,3.2,3.8,3.6,3.4,송민영 교수님,영어의미론,2017-2학기,전공선택
4.9,4,3.7,4.4,3.6,박현주 교수님,영어습득론(영강),2017-2학기,전공선택
3.5,4,4.1,3.2,3.8,김정석 교수님,영어학특수과제,2017-2학기,전공선택
4.4,3.9,3.6,3.4,4,진경혜 교수님,영미문학특수과제Ⅱ,2017-2학기,전공선택
1.8,3.6,4.4,3.6,3.2,조규형 교수님,문화이론연구,2017-2학기,전공선택
4,4.1,2.9,2.9,4,김동진 교수님,영문학과법,2017-2학기,전공선택
4.5,4.3,2.9,2.9,2.8,김현진 교수님,영어교과교육론(영강),2017-2학기,전공선택
2.6,3.5,2,1.6,2.2,Peter S. Sylvestre 교수님,영어교과논리및논술(영강),2017-2학기,전공선택
2.7,4,1.3,1.3,2.3,"공혜정,최은경김철중,이화영 교수님",의료인문학입문,2017-2학기,전공필수
1.9,3.6,2.2,2.2,3.7,송혁기 교수님,문화산업전문가특강,2017-2학기,전공필수
2.5,4,3.5,3,3,김선업 교수님,갈등사회론,2017-2학기,전공필수
2.3,3.5,4.2,4.4,4.2,이윤지 교수님,일본고전문학의이해(외국어강의),2017-2학기,전공선택
4.9,4.2,3.6,3.7,3.8,채성식 교수님,현대일본어문법,2017-2학기,전공선택
2.5,4,3,3,4,정규진 교수님,일본재난과환경(영강),2017-2학기,전공선택
5,4.3,3.8,3.5,3.3,치바사유리 교수님,일본어학의이해Ⅰ(외국어강의),2017-2학기,전공선택
4.1,2.8,4.4,4.4,2.3,김용철 교수님,비주얼속의일본역사(외국어강의),2017-2학기,전공선택
5,4,2.2,2.8,4.2,Sugimoto Shogo 교수님,초급일본어작문(외국어강의),2017-2학기,전공선택
4.6,3.3,3.3,3.4,2.6,주현숙 교수님,중급일본어작문(외국어강의),2017-2학기,전공선택
4.9,5,1.8,1.8,3.4,박성희 교수님,초급일본어독해(외국어강의),2017-2학기,전공선택
4.9,4.6,2.2,2.3,3,김미옥 교수님,중급일본어독해(외국어강의),2017-2학기,전공선택
4.8,4.6,2,1.8,3.2,Sugimoto Shogo 교수님,초급일본어회화(외국어강의),2017-2학기,전공선택
4.6,4.4,2.8,2.6,3.9,Komatsu Nana 교수님,중급일본어회화(외국어강의),2017-2학기,전공선택
2.3,4.3,2.7,2.7,3.6,류정훈 교수님,글로벌시대의일본학(외국어강의),2017-2학기,전공선택
4.9,3.4,4.1,4.3,3.3,이승신 교수님,일본근현대문학사(외국어강의),2017-2학기,전공선택
5,3,3.6,4.1,3.4,김수미 교수님,일본회화의문화학,2017-2학기,전공선택
4.5,4.4,2.5,2.2,3.4,오승희 교수님,동아시아젠더론(외국어강의),2017-2학기,전공선택
5,3.7,3,3.1,3.4,김수미 교수님,일본직업과사회상,2017-2학기,전공선택
3,3.3,3.5,3.3,3.3,송완범 교수님,역사자료로보는동아시아공동체,2017-2학기,전공선택
5,4,3.9,4.5,4.2,채성식 교수님,매스미디어일본어(외국어강의),2017-2학기,전공선택
5,3.6,3,3,3.7,Komatsu Nana 교수님,테스트일본어(외국어강의),2017-2학기,전공선택
5,4.1,2.8,2.5,4,Sugimoto Shogo 교수님,일본문학과미디어(외국어강의),2017-2학기,전공선택
5,4.8,3.1,3.3,3.6,김보경 교수님,일본근현대문학과문화(영강),2017-2학기,전공선택
4.9,2.5,3.7,3.8,1.9,김충영 교수님,일본한문강독,2017-2학기,전공선택
2.8,3,3.8,4.4,3,김효순 교수님,일본근현대문학연구,2017-2학기,전공선택
4.8,3.5,3.5,3.7,2.9,김충영 교수님,일본고전산문연구,2017-2학기,전공선택
4.8,3.7,3.1,3.3,3.4,김보현 교수님,한일관계와일본어시가문학,2017-2학기,전공선택
5,4,3.3,3,4.3,백이연 교수님,일본어의미론(외국어강의),2017-2학기,전공선택
3.3,3.7,2.7,2,2.3,김영근 교수님,일본경제의과제와전망(외국어강의),2017-2학기,전공선택
4.8,4.3,3.6,3.7,3.3,김현아 교수님,일본어문자와발음의이해(외국어강의),2017-2학기,전공선택
1.8,4,3.3,2.1,4,서승원 교수님,일본의대외인식과지정학적상상력,2017-2학기,전공선택
4.3,4.8,3.2,3.7,4.3,조영남 교수님,일본어교과교재연구및지도법(외국어강의),2017-2학기,전공선택
5,4.5,4,4,3.5,Komatsu Nana 교수님,일본어교과논리및논술(외국어강의),2017-2학기,전공선택
4.8,4,2.9,3,3.5,김주희 교수님,"중국어회화II(외국어강의) 중국,대만,홍콩 국적자 수강불가",2017-2학기,전공선택
4.8,3.8,2.9,2.9,3.1,김명학 교수님,"중국어회화II(외국어강의) 중국,대만,홍콩 국적자 수강불가",2017-2학기,전공선택
4.7,3.6,2.4,2.6,3,정명숙 교수님,"중국어회화II(외국어강의) 중국,대만,홍콩 국적자 수강불가",2017-2학기,전공선택
4.7,3.3,3.8,4.1,3,홍서연 교수님,중급중국어강독II 중문과는 2학년만,2017-2학기,전공선택
4.6,3.9,3.9,4,4.4,김영민 교수님,중급중국어강독II 중문과는 2학년만,2017-2학기,전공선택
4.9,4,3,3.4,4.1,이현복 교수님,중급중국어강독II 중문과는 2학년만,2017-2학기,전공선택
3.1,2.9,3.7,3.4,3,최규발 교수님,현대중국어문법II,2017-2학기,전공선택
3,3.1,2.9,2.6,2.9,최용철 교수님,중국고전문학사II,2017-2학기,전공선택
2.1,3.3,3.5,4.1,3,백영길 교수님,중국현대문학사,2017-2학기,전공선택
4.9,3.8,3.5,3.1,3.1,신봉수 교수님,현대중국사회의이해,2017-2학기,전공선택
4.3,3.4,4,4,3.1,조동매 교수님,고급중국어연습II(외국어강의),2017-2학기,전공선택
4,3,3.3,3.3,2.3,조동매 교수님,중국어작문II(외국어강의),2017-2학기,전공선택
3.9,3,3.4,2.8,3,Zuo Simin 교수님,중국어작문II(외국어강의) 외국인 교수님이 담당하실 예정임,2017-2학기,전공선택
2.8,3.2,4.2,3.8,3,Shi Shengxun 교수님,중국고전강독II(외국어강의) 외국인 교수님이 담당하실 예정임,2017-2학기,전공필수
5,4.1,4,3.7,4.3,김준연 교수님,중국고전강독II(외국어강의),2017-2학기,전공필수
5,3.8,4,4.5,3.7,홍윤기 교수님,중국고전강독II(외국어강의),2017-2학기,전공필수
4.8,4,3.8,4.4,3.9,윤순일 교수님,중국고전강독II(외국어강의),2017-2학기,전공필수
4.4,3.6,4.1,4.2,3.7,안예선 교수님,중국고전강독II(외국어강의),2017-2학기,전공필수
4.9,3.6,3.5,4,4.1,김종석 교수님,중국현대시,2017-2학기,전공선택
4.9,3,3.4,2.9,3.9,김지선 교수님,중국고전소설II,2017-2학기,전공선택
5,3.8,3.5,3.3,3.9,권운영 교수님,인물로보는중국문화,2017-2학기,전공선택
4.4,4,3.9,3.8,4.1,조동매 교수님,중국어세미나II(외국어강의),2017-2학기,전공선택
4.6,3.4,3,3.2,3,김선 교수님,중국어교과교재연구및지도법,2017-2학기,전공선택
4.8,4,4.3,4.3,3.8,김윤수 교수님,중국어교과논리및논술,2017-2학기,전공선택
4,4,2.6,2.3,3.4,하종호 교수님,철학TopicCourse,2017-2학기,전공선택
3.6,3.4,4.3,4,3.8,성창원 교수님,윤리학(영강),2017-2학기,전공선택
4.1,4,2.8,3,4.1,이승환 교수님,유가철학,2017-2학기,전공선택
4.9,2.8,3.8,3.7,3.7,오상무 교수님,도가철학,2017-2학기,전공선택
2.1,3.5,3.2,3.6,3.9,조성택 교수님,불교철학,2017-2학기,전공선택
4.6,4.1,3,2.8,3.3,한재훈 교수님,한국성리학,2017-2학기,전공선택
1.1,4,3,3.3,4.3,김창래 교수님,현대유럽철학,2017-2학기,전공선택
4,3.4,3.3,3.6,3.5,오은영 교수님,현대영미철학 (강의시간: 10시 30분~11시 45분&12시~13시 15분),2017-2학기,전공선택
3.7,3.1,2.9,3.1,3.8,하종호 교수님,심리철학 (강의시간: 12시~13시 15분),2017-2학기,전공선택
2.9,3.5,3.9,3.9,3.3,정인교 교수님,과학철학,2017-2학기,전공선택
3.2,3.9,4.7,4.2,4.1,정인교 교수님,논리학연습,2017-2학기,전공선택
2.6,3.2,3.5,3.9,3.8,손병석 교수님,서양고대철학연습,2017-2학기,전공선택
2.8,3.9,4.6,4,3.8,조종화 교수님,특정학파의철학연구,2017-2학기,전공선택
4,4.6,2.1,2.1,3,정창호 교수님,철학교과논리및논술,2017-2학기,전공선택
2.7,3.7,4,4,4.3,Leighanne Kimberly Yuh 교수님,INTRODUCTION TO KOREAN AND EAST ASIAN HISTORY (영강),2017-2학기,전공선택
4.2,3.4,3.8,3.3,3.6,송양섭 교수님,한국역사입문I,2017-2학기,전공필수
2,3.2,4.4,3.7,4.3,허은 교수님,한국역사입문II,2017-2학기,전공필수
4.3,4.7,3,2,4.3,박수정 교수님,삼국.남북국시대사,2017-2학기,전공선택
4.6,4.8,2,1,2.6,김창현 교수님,고려후기사,2017-2학기,전공선택
3.9,3.7,3.6,4.1,4.6,송양섭 교수님,조선후기사,2017-2학기,전공선택
2.2,3.3,4.3,4.3,4.5,허은 교수님,한국현대사II,2017-2학기,전공선택
2.8,4.3,3.8,4.8,4.5,강제훈 교수님,한국고중세사료선독,2017-2학기,전공선택
4.9,2.6,3.8,4.2,3.8,조형열 교수님,한국독립운동사,2017-2학기,전공선택
2.5,4.4,2.8,2.7,3.8,한승훈 교수님,한국근현대국제관계사,2017-2학기,전공선택
4.8,4.3,3,4,4.8,박대재 교수님,한국금석문,2017-2학기,전공선택
4.6,2.3,3.2,4.8,2.4,김재웅 교수님,한국근현대사연구의쟁점,2017-2학기,전공선택
5,3.3,3.7,3.8,3.7,조윤선 교수님,한국법제사의이해,2017-2학기,전공선택
3.6,4.2,2.7,2.9,3.4,송지원 교수님,한국예술사,2017-2학기,전공선택
1.2,2.8,3.9,3.6,2.9,윤재민 교수님,맹자읽기II,2017-2학기,전공필수
4.9,3.7,3.9,4.8,4,임준철 교수님,한문독해의첫걸음,2017-2학기,전공필수
4.9,4.5,1.3,1.4,3.7,변영문 교수님,서예의감상과실습II,2017-2학기,전공선택
2.8,4.5,2.8,3.3,4,김정숙 교수님,한국한문소설명작감상,2017-2학기,전공선택
2.1,4.3,2.8,2.9,3,윤경희 교수님,한자문화권의역사와문화,2017-2학기,전공선택
1.1,3.7,4.1,3.1,3.2,심경호 교수님,한문학입문,2017-2학기,전공필수
5,3.8,4.7,4.6,3.7,임준철 교수님,한국한문학사,2017-2학기,전공필수
4,5,3,3.3,5,김연수 교수님,한문교과교육론,2017-2학기,전공선택
5,4.3,3.3,3.7,4.3,서정화 교수님,한문학연구와논문작성,2017-2학기,전공선택
3.3,5,3,2.3,4.8,김진경 교수님,한문교과교육과정,2017-2학기,전공선택
2.7,4.7,1.3,1,3,류정민 교수님,영어로읽는논어와노자,2017-2학기,전공선택
4.3,3.1,3.8,4.5,4.3,유호진 교수님,한문문법과문체,2017-2학기,전공선택
2.7,3,2,2.3,1.3,최현철 교수님,"미디어학입문 [이중, 복수전공자만] 수강가능",2017-2학기,전공필수
3.1,3.9,2.9,3.3,4.2,김수미 교수님,미디어학입문 [미디어학부생]만 수강가능,2017-2학기,전공필수
3.1,3.2,3.2,3.3,4.1,김수미 교수님,미디어학입문 융합전공 및 기타 수강가능,2017-2학기,전공필수
4.2,4.4,2.7,3,3.7,김학순 교수님,미디어글쓰기,2017-2학기,전공필수
4,4.4,2.8,2.8,3.2,허만섭 교수님,미디어글쓰기(영강),2017-2학기,전공필수
5,4,2.8,2.4,2.2,우병동 교수님,미디어글쓰기,2017-2학기,전공필수
3.3,3,2.8,2.8,3.3,이용원 교수님,미디어글쓰기,2017-2학기,전공필수
4.8,3.6,4,4,3.2,김성희 교수님,미디어글쓰기,2017-2학기,전공필수
3.3,4,3.8,3.7,4.3,박재영 교수님,저널리즘,2017-2학기,전공선택
4.6,4,2.8,3.8,3.6,곽경수 교수님,저널리즘(영강),2017-2학기,전공선택
3.8,4.4,2.6,2.6,3.8,신수연 교수님,뉴미디어(영강),2017-2학기,전공선택
1,2.1,3,2.1,2,노광우 교수님,방송영화론(영강) * 수강대상: 외국인 학생,2017-2학기,전공선택
5,3.3,3.4,3.9,4.3,김형신 교수님,영상미학이론(영강),2017-2학기,전공선택
1.1,2.9,2.6,1.8,2.4,노광우 교수님,방송영화비평(영강),2017-2학기,전공선택
4.5,3.5,3,2.5,2,김영훈 교수님,조직커뮤니케이션(영강),2017-2학기,전공선택
4.8,2.9,4.1,3.6,3.4,권오범 교수님,매체기획,2017-2학기,전공선택
2.5,4,2.9,3.1,3.9,최세정 교수님,소비자행동과전략커뮤니케이션(영강),2017-2학기,전공선택
4.9,3.6,2.7,2.9,3.3,정원준 교수님,PR의이해,2017-2학기,전공선택
2.3,3.7,2.8,2.8,3.2,정세훈 교수님,전략커뮤니케이션리서치(영강) 4학년 권장대상 교과목,2017-2학기,전공선택
4,3.5,2.4,2.9,1.7,박성희 교수님,여성과미디어,2017-2학기,전공선택
4.4,3.5,2.2,1.5,2.5,박형석 교수님,미디어와창의성,2017-2학기,전공선택
4.9,3.9,3.3,2.9,3.6,이준복 교수님,국제커뮤니케이션,2017-2학기,전공선택
3.1,4.1,2.9,2.6,3.8,이소영 교수님,출판기획제작,2017-2학기,전공선택
4.9,4.4,3.4,3.5,3.2,최은경 교수님,미디어와사회변동(영강),2017-2학기,전공선택
3.9,4.1,3,3.9,4.1,Hee Sun Park 교수님,인간커뮤니케이션(영강),2017-2학기,전공선택
2,3.6,2.7,2.4,2.6,박정찬 교수님,미디어와여론,2017-2학기,전공선택
1.8,4,3.6,2,4.4,이혁상 교수님,다큐멘타리제작실습,2017-2학기,전공선택
4.4,4.4,3.1,3.6,4.7,이은택 교수님,방송영화기초제작실습,2017-2학기,전공선택
4.8,4.3,4,4.3,4.8,민영 교수님,정치커뮤니케이션(영강),2017-2학기,전공선택
1.3,3.3,4.4,3.8,3.6,김정현 교수님,미디어산업론,2017-2학기,전공선택
5,5,2,3,5,HOQUE SAIFUL 교수님,방송뉴스리포팅(영강),2017-2학기,전공선택
5,4,2,3,5,하남신 교수님,방송뉴스리포팅,2017-2학기,전공선택
3.9,3.7,2.3,2.2,3.8,구윤희 교수님,온라인저널리즘실습,2017-2학기,전공선택
3.3,4.3,3.9,3,4.1,김종혁 교수님,드라마제작실습,2017-2학기,전공선택
4.2,4.2,2.2,2.7,4.1,곽윤섭 교수님,보도사진이론및실습,2017-2학기,전공선택
3,4,3.8,4.3,3.6,함영준 교수님,탐사기획보도,2017-2학기,전공선택
1.3,4.3,2.3,2.3,4,송상근 교수님,탐사기획보도,2017-2학기,전공선택
1.4,3.8,4,4.8,4.6,김성철 교수님,미디어경영 * 강의장소: 중앙광장 지하 CCL(CJ Creator Library) 이벤트홀,2017-2학기,전공선택
5,3,2.5,4.5,3,배근민 교수님,감정커뮤니케이션(영강),2017-2학기,전공선택
4.8,4.2,2.9,2.7,3.2,김종국 교수님,방송뉴스리포팅고급,2017-2학기,전공선택
4.6,4.3,2.3,3.2,3.2,김선미 교수님,언론정보특강,2017-2학기,전공선택
2,3.5,2.7,3,3.8,최현철 교수님,미디어연구방법,2017-2학기,전공선택
2.4,3.8,4,4,4.8,이헌율 교수님,방송영화특강,2017-2학기,전공선택
3.9,3.8,2.4,2.5,2.6,김은용 교수님,광고PR특강,2017-2학기,전공선택
4.8,4,3.3,3.5,4.3,박지훈 교수님,한국의문화와미디어(영강) * 수강대상: 외국인 학생,2017-2학기,전공선택
4.8,4,2.8,2.9,3.1,이종임 교수님,한국의문화와미디어,2017-2학기,전공선택
5,4.1,3.7,3.8,4.6,최세련 교수님,회사법,2017-2학기,전공필수
1.3,4.2,2.8,3.2,3.9,정승환 교수님,형사소송법,2017-2학기,전공필수
1.9,3.2,3.7,4,3.4,"강병근,오시진 교수님",국제법총론,2017-2학기,전공필수
1.4,3.5,3.4,3.9,3.9,윤영미 교수님,헌법,2017-2학기,전공선택
2.5,3.6,3.6,3.6,3.9,차진아 교수님,헌법,2017-2학기,전공선택
1.4,3.3,3,3.2,3.4,윤정인 교수님,헌법,2017-2학기,전공선택
2.7,4.2,3.9,4.6,3.9,명순구 교수님,민법,2017-2학기,전공선택
1.5,3.5,3.8,4.3,4.3,김제완 교수님,민법,2017-2학기,전공선택
2.9,2.9,3.9,4.4,3.7,황원재 교수님,민법,2017-2학기,전공선택
1.3,3.7,3.8,4,4.3,홍영기 교수님,형법 수강신청 가능 학과: 자유전공학부 및 융합전공 대상수강정정 기간 가능 학과: 모든 학과 가능,2017-2학기,전공선택
2.7,4.3,3.4,3.3,4.1,장완규 교수님,민사소송법,2017-2학기,전공선택
3,4,3.1,3.1,4.4,오세웅 교수님,고용복지와법,2017-2학기,전공선택
4.4,3.3,3.9,3.9,3.4,김용재 교수님,기업금융법,2017-2학기,전공선택
1.4,4.6,2.8,2.6,3.5,김인현 교수님,보험ㆍ해상법,2017-2학기,전공필수
4.8,3.5,3.5,4,3.4,박정연 교수님,행정법각론,2017-2학기,전공필수
1.4,3.6,3.6,3.4,4.4,김동현 교수님,민사소송법(하),2017-2학기,전공필수
3.9,4.3,2.5,2.5,2.2,노현숙 교수님,IT법,2017-2학기,전공선택
1.4,4.1,4.7,3.4,4.8,윤재왕 교수님,법철학,2017-2학기,전공필수
4.8,4.2,3.6,3.6,3.6,김정호 교수님,국제거래법,2017-2학기,전공선택
5,4.5,3,3,2.5,함석찬 교수님,연구방법론,2017-2학기,전공선택
4.3,3.8,2.8,2.4,4.1,이하나 교수님,의생명과학실험II(영강),2017-2학기,전공선택
4.3,3.6,4,4.4,3.9,"홍성회,옥승한 교수님",세포생물학,2017-2학기,전공선택
2.2,3.9,4,4.3,3.5,박재용 교수님,인체생리학(영강) 보건과학대학,2017-2학기,전공선택
2.7,3.2,3.7,4.1,4.1,서형주 교수님,생화학,2017-2학기,전공선택
3.7,3.3,4.3,4,4.3,임영희 교수님,질병미생물학,2017-2학기,전공선택
4.8,4,3.9,3.6,4,허은혜 교수님,후생유전학,2017-2학기,전공선택
4.3,3.5,4.4,4.4,3.5,박명진 교수님,종양학,2017-2학기,전공선택
4.8,3.6,3.1,3.5,3.9,이하나 교수님,세균학,2017-2학기,전공선택
5,2.6,3.1,3,3.9,한성희 교수님,생리활성물질,2017-2학기,전공선택
4.8,3.8,3.6,4.1,4.1,신민정 교수님,분자영양학(영강),2017-2학기,전공선택
5,2.5,3,3.5,3.5,홍성용 교수님,생물산업미생물학및실험,2017-2학기,전공선택
4.8,4.2,2.3,2.8,3.2,채선희 교수님,조리과학(영강),2017-2학기,전공선택
4,2.8,3,3.2,3.6,김인환 교수님,식품학II,2017-2학기,전공선택
4.7,4.4,3.2,2.8,3.9,박제원 교수님,시스템합성생물학(영강),2017-2학기,전공선택
3.1,3.3,3.9,3.7,4.3,손영선 교수님,항체공학,2017-2학기,전공선택
5,3,3,4,4,윤성원 교수님,식품기기분석및실험,2017-2학기,전공선택
3.1,4,2.9,3.3,3.5,최영운 교수님,공학수학II(영강) 바이오의공학부 / 생체의공학과[수강신청 정정 시 학과 제한 해제 예정],2017-2학기,전공필수
1.6,3.2,3.4,3.3,3.4,조규동 교수님,공학수학II 바이오의공학부 / 생체의공학과[수강신청 정정 시 학과 제한 해제 예정],2017-2학기,전공필수
1.7,4.2,4.3,3.6,3.5,최연호 교수님,생체유체역학(영강) 바이오의공학부 [수강신청 정정 시 학과 제한 해제 예정],2017-2학기,전공선택
4.9,3.2,3.7,3.9,3.7,김법민 교수님,기초광학(영강) 바이오의공학부 / 생체의공학과[수강신청 정정 시 학과 제한 해제 예정],2017-2학기,전공선택
5,3.6,3.3,3.6,3.4,최연호 교수님,의공학실험I 바이오의공학부 / 생체의공학과,2017-2학기,전공선택
4.2,4,3.4,4,3.2,이덕희 교수님,의공학실험I 바이오의공학부 / 생체의공학과,2017-2학기,전공선택
2.1,3.6,3.3,4.3,2.8,육순현 교수님,생리학 바이오의공학부 / 생체의공학과[수강신청 정정 시 학과 제한 해제 예정],2017-2학기,전공필수
2.9,4.6,4.5,3.6,3,김영식 교수님,전자기학 바이오의공학부 / 생체의공학과[수강신청 정정 시 학과 제한 해제 예정],2017-2학기,전공선택
4.5,3.1,3.8,4.5,3,이규백 교수님,물리화학 바이오의공학부 / 생체의공학과[수강신청 정정 시 학과 제한 해제 예정],2017-2학기,전공선택
4.5,3.6,4.2,4.1,3.5,성준경 교수님,의공학프로그래밍(영강) 바이오의공학부만 수강 가능,2017-2학기,전공필수
5,2.6,2.9,3.1,2.7,염정열 교수님,의공학실험III(영강) 바이오의공학부 / 생체의공학과,2017-2학기,전공선택
4.9,3.4,3.1,3.4,4,최영운 교수님,의공학실험III(영강) 바이오의공학부 / 생체의공학과,2017-2학기,전공선택
4,2,4,4,3,김법민 교수님,의공학실험III(영강),2017-2학기,전공선택
4.6,2.6,3.2,3.8,3.6,윤명근 교수님,의공학실험III(영강),2017-2학기,전공선택
1.2,3.9,2.9,3.1,3.3,이규도 교수님,세포생물학 바이오의공학부 / 생체의공학과[수강신청 정정 시 학과 제한 해제 예정],2017-2학기,전공선택
1.6,4.4,3.1,3,3.9,한미선 교수님,디지털시스템 바이오의공학부 / 생체의공학과[수강신청 정정 시 학과 제한 해제 예정],2017-2학기,전공선택
1.6,3.3,3.6,3.3,4,정아람 교수님,생체정보계측(영강) 바이오의공학부 / 생체의공학과[수강신청 정정 시 학과 제한 해제 예정],2017-2학기,전공선택
4.9,4,4.3,4.3,3.4,이규백 교수님,생체적합성(영강) 바이오의공학부 / 생체의공학과[수강신청 정정 시 학과 제한 해제 예정],2017-2학기,전공선택
1.8,3.8,3.8,3.8,4.2,이기성 교수님,의학영상처리 바이오의공학부 / 생체의공학과,2017-2학기,전공선택
2.6,3.5,3.1,2.9,3.4,염정열 교수님,보건통계학(영강) 바이오의공학부 / 생체의공학과[수강신청 정정 시 학과 제한 해제 예정],2017-2학기,전공선택
1.3,3.9,2.9,3.1,3.7,이규도 교수님,면역학 바이오의공학부 / 생체의공학과[수강신청 정정 시 학과 제한 해제 예정],2017-2학기,전공선택
2,3.7,4.2,3.9,3.7,성준경 교수님,신경및뇌공학 바이오의공학부 / 생체의공학과[수강신청 정정 시 학과 제한 해제 예정],2017-2학기,전공선택
4.7,3.8,2.8,3.8,3.1,고영학 교수님,의료용소재공정(영강) 바이오의공학부 [수강신청 정정 시 학과 제한 해제 예정],2017-2학기,전공선택
4.3,3.8,3.7,3.7,4,윤명근 교수님,방사선치료학 바이오의공학부,2017-2학기,전공선택
4.9,3.6,3,2.5,3.2,염정열 교수님,의공학특강(영강) 바이오의공학부 / 생체의공학과[수강신청 정정 시 학과 제한 해제 예정],2017-2학기,전공선택
2.5,2.9,2.9,2.7,3.5,김진태 교수님,바이오의공학제도및기업분석 바이오의공학부 / 생체의공학과[수강신청 정정 시 학과 제한 해제 예정],2017-2학기,전공선택
1,3.5,3.5,3.5,4,고영학 교수님,의공학프로젝트 바이오의공학부 / 생체의공학과,2017-2학기,전공선택
2,3.7,3.3,3.7,4.3,이태웅 교수님,영상해부학,2017-2학기,전공선택
4.3,4.3,3.3,3.7,4.7,심현선 교수님,초음파영상학,2017-2학기,전공선택
4,5,4,4,3.5,"김정민,이상경 교수님",의료기기품질관리,2017-2학기,전공선택
4.6,2.8,4.3,4,4.2,이종태 교수님,역학개론(영강),2017-2학기,전공선택
,,,,,,,,
,,,,,,,,
,,,,,,,,
,,,,,,,,
,,,,,,,,
,,,,,,,,
,,,,,,,,
,,,,,,,,
,,,,,,,,
,,,,,,,,
,,,,,,,,
,,,,,,,,
,,,,,,,,
,,,,,,,,
,,,,,,,,
,,,,,,,,
,,,,,,,,
,,,,,,,,
,,,,,,,,
,,,,,,,,
,,,,,,,,
,,,,,,,,
,,,,,,,,
,,,,,,,,
,,,,,,,,
,,,,,,,,
,,,,,,,,
,,,,,,,,
,,,,,,,,
,,,,,,,,
,,,,,,,,
,,,,,,,,
,,,,,,,,
,,,,,,,,
,,,,,,,,
,,,,,,,,
,,,,,,,,
,,,,,,,,
,,,,,,,,
,,,,,,,,
,,,,,,,,
,,,,,,,,
,,,,,,,,
,,,,,,,,
,,,,,,,,
,,,,,,,,
,,,,,,,,
,,,,,,,,
,,,,,,,,
,,,,,,,,
,,,,,,,,
,,,,,,,,
,,,,,,,,
,,,,,,,,
,,,,,,,,
,,,,,,,,
,,,,,,,,
,,,,,,,,
,,,,,,,,
,,,,,,,,
,,,,,,,,
,,,,,,,,
,,,,,,,,
,,,,,,,,
,,,,,,,,
,,,,,,,,
,,,,,,,,
,,,,,,,,
,,,,,,,,
,,,,,,,,
,,,,,,,,
,,,,,,,,
,,,,,,,,
,,,,,,,,
,,,,,,,,
,,,,,,,,
,,,,,,,,
,,,,,,,,
,,,,,,,,
,,,,,,,,
,,,,,,,,
,,,,,,,,
